danceability,energy,key,loudness,mode,speechiness,acousticness,instrumentalness,liveness,valence,tempo,type,id,uri,track_href,analysis_url,duration_ms,time_signature
0.566,0.774,6,-9.427,0,0.0644,0.0284,0.896,0.0562,0.0288,124.988,audio_features,7LHqxlhat0OIf3gCOGnOGr,spotify:track:7LHqxlhat0OIf3gCOGnOGr,https://api.spotify.com/v1/tracks/7LHqxlhat0OIf3gCOGnOGr,https://api.spotify.com/v1/audio-analysis/7LHqxlhat0OIf3gCOGnOGr,445440,4
0.566,0.854,11,-10.297,0,0.0624,0.129,0.89,0.0641,0.0365,124.944,audio_features,6Tsu0E4Z7mGMKrpYVTePiu,spotify:track:6Tsu0E4Z7mGMKrpYVTePiu,https://api.spotify.com/v1/tracks/6Tsu0E4Z7mGMKrpYVTePiu,https://api.spotify.com/v1/audio-analysis/6Tsu0E4Z7mGMKrpYVTePiu,239850,4
0.542,0.753,6,-11.047,0,0.0561,0.0419,0.888,0.0882,0.0324,124.979,audio_features,2zwbp0RhMAt3ZpIzp0GTyv,spotify:track:2zwbp0RhMAt3ZpIzp0GTyv,https://api.spotify.com/v1/tracks/2zwbp0RhMAt3ZpIzp0GTyv,https://api.spotify.com/v1/audio-analysis/2zwbp0RhMAt3ZpIzp0GTyv,445360,4
0.608,0.936,0,-8.102,0,0.0559,0.00611,0.419,0.192,0.101,134.974,audio_features,7B5NyuAKnhLj0aasbRpaIp,spotify:track:7B5NyuAKnhLj0aasbRpaIp,https://api.spotify.com/v1/tracks/7B5NyuAKnhLj0aasbRpaIp,https://api.spotify.com/v1/audio-analysis/7B5NyuAKnhLj0aasbRpaIp,225000,4
0.702,0.896,1,-8.573,1,0.0485,0.00154,0.887,0.25,0.408,144.047,audio_features,0JhWSndXoTT6SOVhHkMOj3,spotify:track:0JhWSndXoTT6SOVhHkMOj3,https://api.spotify.com/v1/tracks/0JhWSndXoTT6SOVhHkMOj3,https://api.spotify.com/v1/audio-analysis/0JhWSndXoTT6SOVhHkMOj3,367187,4
0.789,0.835,7,-10.216,1,0.0516,0.00912,0.896,0.107,0.239,133.992,audio_features,3CXLGRODlXbTkXUEvsi7Xu,spotify:track:3CXLGRODlXbTkXUEvsi7Xu,https://api.spotify.com/v1/tracks/3CXLGRODlXbTkXUEvsi7Xu,https://api.spotify.com/v1/audio-analysis/3CXLGRODlXbTkXUEvsi7Xu,330667,4
0.788,0.792,9,-12.489,0,0.0719,0.0353,0.913,0.0706,0.306,137.044,audio_features,3FcHAwp0MF11vS8Qk9SnAk,spotify:track:3FcHAwp0MF11vS8Qk9SnAk,https://api.spotify.com/v1/tracks/3FcHAwp0MF11vS8Qk9SnAk,https://api.spotify.com/v1/audio-analysis/3FcHAwp0MF11vS8Qk9SnAk,308667,4
0.795,0.862,6,-12.195,0,0.0631,0.114,0.904,0.0915,0.473,133.989,audio_features,7Jc5bhVmS8ykGBDOSL3wSV,spotify:track:7Jc5bhVmS8ykGBDOSL3wSV,https://api.spotify.com/v1/tracks/7Jc5bhVmS8ykGBDOSL3wSV,https://api.spotify.com/v1/audio-analysis/7Jc5bhVmS8ykGBDOSL3wSV,286880,4
0.804,0.796,7,-12.995,1,0.123,0.000934,0.914,0.0577,0.638,134.99,audio_features,1qjCAUOluY23J6KpxCUBjI,spotify:track:1qjCAUOluY23J6KpxCUBjI,https://api.spotify.com/v1/tracks/1qjCAUOluY23J6KpxCUBjI,https://api.spotify.com/v1/audio-analysis/1qjCAUOluY23J6KpxCUBjI,356013,4
0.67,0.97,9,-7.441,0,0.0327,0.0175,0.784,0.0848,0.648,129.995,audio_features,2NXe89CbqXHJvbdDWjPPfx,spotify:track:2NXe89CbqXHJvbdDWjPPfx,https://api.spotify.com/v1/tracks/2NXe89CbqXHJvbdDWjPPfx,https://api.spotify.com/v1/audio-analysis/2NXe89CbqXHJvbdDWjPPfx,210462,4
0.791,0.854,0,-9.042,1,0.0477,0.00287,0.923,0.0765,0.54,127.996,audio_features,5suY9xtl49KZVHxu4mHHLt,spotify:track:5suY9xtl49KZVHxu4mHHLt,https://api.spotify.com/v1/tracks/5suY9xtl49KZVHxu4mHHLt,https://api.spotify.com/v1/audio-analysis/5suY9xtl49KZVHxu4mHHLt,206769,4
0.744,0.697,10,-9.033,0,0.0575,0.00189,0.855,0.62,0.434,129.994,audio_features,2BfFW4C5SIgbp33539WAah,spotify:track:2BfFW4C5SIgbp33539WAah,https://api.spotify.com/v1/tracks/2BfFW4C5SIgbp33539WAah,https://api.spotify.com/v1/audio-analysis/2BfFW4C5SIgbp33539WAah,205696,4
0.694,0.695,4,-8.507,0,0.0632,0.00445,0.851,0.616,0.198,125.008,audio_features,4iOQf2MWJ6cdcYxIkYdyBm,spotify:track:4iOQf2MWJ6cdcYxIkYdyBm,https://api.spotify.com/v1/tracks/4iOQf2MWJ6cdcYxIkYdyBm,https://api.spotify.com/v1/audio-analysis/4iOQf2MWJ6cdcYxIkYdyBm,218893,4
0.733,0.723,0,-8.272,1,0.0484,0.000471,0.919,0.0915,0.519,127.999,audio_features,5rAVFbZJT9V9zBSUO7Ig4y,spotify:track:5rAVFbZJT9V9zBSUO7Ig4y,https://api.spotify.com/v1/tracks/5rAVFbZJT9V9zBSUO7Ig4y,https://api.spotify.com/v1/audio-analysis/5rAVFbZJT9V9zBSUO7Ig4y,213312,4
0.774,0.95,7,-5.939,1,0.0595,0.0309,0.876,0.303,0.571,120.948,audio_features,0EI57VCQHjOe1POX2EUZz2,spotify:track:0EI57VCQHjOe1POX2EUZz2,https://api.spotify.com/v1/tracks/0EI57VCQHjOe1POX2EUZz2,https://api.spotify.com/v1/audio-analysis/0EI57VCQHjOe1POX2EUZz2,258456,4
0.713,0.739,0,-8.139,1,0.0432,0.000184,0.878,0.0944,0.422,127.997,audio_features,4r4cj7swbafcn17Qhu5eb2,spotify:track:4r4cj7swbafcn17Qhu5eb2,https://api.spotify.com/v1/tracks/4r4cj7swbafcn17Qhu5eb2,https://api.spotify.com/v1/audio-analysis/4r4cj7swbafcn17Qhu5eb2,365857,4
0.65,0.783,8,-8.607,1,0.0608,0.0418,0.735,0.621,0.702,138.0,audio_features,4k5LKHaDmjAT82BrFovDAE,spotify:track:4k5LKHaDmjAT82BrFovDAE,https://api.spotify.com/v1/tracks/4k5LKHaDmjAT82BrFovDAE,https://api.spotify.com/v1/audio-analysis/4k5LKHaDmjAT82BrFovDAE,282050,4
0.372,0.491,9,-9.185,0,0.207,0.0208,0.256,0.341,0.171,90.118,audio_features,3xUoGJSIXkssHSux0BuNJT,spotify:track:3xUoGJSIXkssHSux0BuNJT,https://api.spotify.com/v1/tracks/3xUoGJSIXkssHSux0BuNJT,https://api.spotify.com/v1/audio-analysis/3xUoGJSIXkssHSux0BuNJT,224251,5
0.622,0.852,11,-10.3,0,0.0451,0.000464,0.885,0.0768,0.592,128.001,audio_features,2TEPMRBEN4rQQ3pjbQhX2i,spotify:track:2TEPMRBEN4rQQ3pjbQhX2i,https://api.spotify.com/v1/tracks/2TEPMRBEN4rQQ3pjbQhX2i,https://api.spotify.com/v1/audio-analysis/2TEPMRBEN4rQQ3pjbQhX2i,255000,4
0.483,0.953,2,-8.464,1,0.0507,0.00403,0.763,0.122,0.188,152.04,audio_features,7r8Q5lPGmMyYccWfUlyGDl,spotify:track:7r8Q5lPGmMyYccWfUlyGDl,https://api.spotify.com/v1/tracks/7r8Q5lPGmMyYccWfUlyGDl,https://api.spotify.com/v1/audio-analysis/7r8Q5lPGmMyYccWfUlyGDl,241436,4
0.715,0.871,0,-8.591,1,0.0572,0.0137,0.84,0.0863,0.588,132.008,audio_features,37Uy4OBd93yP89ZhCj5je2,spotify:track:37Uy4OBd93yP89ZhCj5je2,https://api.spotify.com/v1/tracks/37Uy4OBd93yP89ZhCj5je2,https://api.spotify.com/v1/audio-analysis/37Uy4OBd93yP89ZhCj5je2,382488,4
0.666,0.964,7,-7.804,1,0.0529,0.000384,0.815,0.101,0.806,134.987,audio_features,57CNVY0vpWAZ0Bo3NlQrbf,spotify:track:57CNVY0vpWAZ0Bo3NlQrbf,https://api.spotify.com/v1/tracks/57CNVY0vpWAZ0Bo3NlQrbf,https://api.spotify.com/v1/audio-analysis/57CNVY0vpWAZ0Bo3NlQrbf,318253,4
0.622,0.986,0,-7.682,1,0.0402,0.0501,0.948,0.116,0.677,138.012,audio_features,2Jjsjc6jeTzZ8JxaFQe8Fa,spotify:track:2Jjsjc6jeTzZ8JxaFQe8Fa,https://api.spotify.com/v1/tracks/2Jjsjc6jeTzZ8JxaFQe8Fa,https://api.spotify.com/v1/audio-analysis/2Jjsjc6jeTzZ8JxaFQe8Fa,393044,4
0.768,0.914,4,-7.881,0,0.0508,0.00108,0.871,0.101,0.124,135.0,audio_features,1kJKnEOSd2bZeVf4ShIrYk,spotify:track:1kJKnEOSd2bZeVf4ShIrYk,https://api.spotify.com/v1/tracks/1kJKnEOSd2bZeVf4ShIrYk,https://api.spotify.com/v1/audio-analysis/1kJKnEOSd2bZeVf4ShIrYk,372515,4
0.715,0.929,1,-9.387,0,0.0519,0.0111,0.892,0.254,0.664,132.984,audio_features,0F338Auu1RZ3DhNSEWI3Fz,spotify:track:0F338Auu1RZ3DhNSEWI3Fz,https://api.spotify.com/v1/tracks/0F338Auu1RZ3DhNSEWI3Fz,https://api.spotify.com/v1/audio-analysis/0F338Auu1RZ3DhNSEWI3Fz,372985,4
0.712,0.979,4,-7.143,0,0.0582,0.000121,0.881,0.0521,0.779,138.006,audio_features,0HTJUNCDoAAPU8WuAwCvg1,spotify:track:0HTJUNCDoAAPU8WuAwCvg1,https://api.spotify.com/v1/tracks/0HTJUNCDoAAPU8WuAwCvg1,https://api.spotify.com/v1/audio-analysis/0HTJUNCDoAAPU8WuAwCvg1,392373,4
0.4,0.448,1,-9.053,1,0.104,0.000223,0.856,0.152,0.112,183.368,audio_features,3TBIk0znaJFFkSIdWQTG2J,spotify:track:3TBIk0znaJFFkSIdWQTG2J,https://api.spotify.com/v1/tracks/3TBIk0znaJFFkSIdWQTG2J,https://api.spotify.com/v1/audio-analysis/3TBIk0znaJFFkSIdWQTG2J,243577,5
0.684,0.848,7,-8.04,1,0.0451,0.000118,0.905,0.125,0.237,139.981,audio_features,7BxtxvuQfWYpsaGPk5YrII,spotify:track:7BxtxvuQfWYpsaGPk5YrII,https://api.spotify.com/v1/tracks/7BxtxvuQfWYpsaGPk5YrII,https://api.spotify.com/v1/audio-analysis/7BxtxvuQfWYpsaGPk5YrII,294857,4
0.778,0.884,11,-6.855,0,0.0503,0.00192,0.91,0.122,0.266,132.729,audio_features,4nxZA90v3z3rSXlooaDqeM,spotify:track:4nxZA90v3z3rSXlooaDqeM,https://api.spotify.com/v1/tracks/4nxZA90v3z3rSXlooaDqeM,https://api.spotify.com/v1/audio-analysis/4nxZA90v3z3rSXlooaDqeM,291120,4
0.67,0.598,1,-11.916,1,0.0681,0.22,0.881,0.132,0.304,154.428,audio_features,3NMBmyEoNBzz5tMV3xI2RN,spotify:track:3NMBmyEoNBzz5tMV3xI2RN,https://api.spotify.com/v1/tracks/3NMBmyEoNBzz5tMV3xI2RN,https://api.spotify.com/v1/audio-analysis/3NMBmyEoNBzz5tMV3xI2RN,308180,4
0.789,0.976,3,-5.886,1,0.057,0.0065,0.849,0.0639,0.258,131.99,audio_features,40up5wCfwQXTDXyE18hJbJ,spotify:track:40up5wCfwQXTDXyE18hJbJ,https://api.spotify.com/v1/tracks/40up5wCfwQXTDXyE18hJbJ,https://api.spotify.com/v1/audio-analysis/40up5wCfwQXTDXyE18hJbJ,408669,4
0.744,0.903,8,-6.365,1,0.0693,0.000367,0.892,0.0941,0.385,130.001,audio_features,13xk98BTIAhNtzUshnhVWF,spotify:track:13xk98BTIAhNtzUshnhVWF,https://api.spotify.com/v1/tracks/13xk98BTIAhNtzUshnhVWF,https://api.spotify.com/v1/audio-analysis/13xk98BTIAhNtzUshnhVWF,347813,4
0.829,0.831,1,-6.048,1,0.213,0.0321,0.746,0.068,0.218,133.992,audio_features,2Myb5Bv0EbFNX5qCH4CtE8,spotify:track:2Myb5Bv0EbFNX5qCH4CtE8,https://api.spotify.com/v1/tracks/2Myb5Bv0EbFNX5qCH4CtE8,https://api.spotify.com/v1/audio-analysis/2Myb5Bv0EbFNX5qCH4CtE8,347969,4
0.711,0.888,7,-11.402,0,0.0388,0.00227,0.66,0.0931,0.272,135.002,audio_features,6kqLDMdqgbgCsLbsSlWRjo,spotify:track:6kqLDMdqgbgCsLbsSlWRjo,https://api.spotify.com/v1/tracks/6kqLDMdqgbgCsLbsSlWRjo,https://api.spotify.com/v1/audio-analysis/6kqLDMdqgbgCsLbsSlWRjo,288013,4
0.441,0.598,6,-13.066,0,0.0659,0.00979,0.945,0.105,0.503,138.086,audio_features,2ZoSPOjpJqPNfaw9gzJ2Y5,spotify:track:2ZoSPOjpJqPNfaw9gzJ2Y5,https://api.spotify.com/v1/tracks/2ZoSPOjpJqPNfaw9gzJ2Y5,https://api.spotify.com/v1/audio-analysis/2ZoSPOjpJqPNfaw9gzJ2Y5,283373,4
0.4,0.697,7,-9.093,1,0.0514,0.0027,0.732,0.123,0.0618,146.763,audio_features,5TbP0XGB6AkLOA6Q8TAgaE,spotify:track:5TbP0XGB6AkLOA6Q8TAgaE,https://api.spotify.com/v1/tracks/5TbP0XGB6AkLOA6Q8TAgaE,https://api.spotify.com/v1/audio-analysis/5TbP0XGB6AkLOA6Q8TAgaE,283693,4
0.705,0.969,2,-5.767,1,0.0402,0.000218,0.901,0.46,0.706,138.009,audio_features,54BJDdU38sXG8mRO0KgDBS,spotify:track:54BJDdU38sXG8mRO0KgDBS,https://api.spotify.com/v1/tracks/54BJDdU38sXG8mRO0KgDBS,https://api.spotify.com/v1/audio-analysis/54BJDdU38sXG8mRO0KgDBS,367698,4
0.712,0.875,10,-9.677,0,0.0503,0.0144,0.892,0.0676,0.203,126.005,audio_features,06MM3ZN5HKR3cBoNneLwsJ,spotify:track:06MM3ZN5HKR3cBoNneLwsJ,https://api.spotify.com/v1/tracks/06MM3ZN5HKR3cBoNneLwsJ,https://api.spotify.com/v1/audio-analysis/06MM3ZN5HKR3cBoNneLwsJ,341356,4
0.877,0.808,10,-10.135,0,0.0678,0.0797,0.818,0.112,0.0388,126.939,audio_features,5jW6MWC0nH5JWJUhdMi2oF,spotify:track:5jW6MWC0nH5JWJUhdMi2oF,https://api.spotify.com/v1/tracks/5jW6MWC0nH5JWJUhdMi2oF,https://api.spotify.com/v1/audio-analysis/5jW6MWC0nH5JWJUhdMi2oF,455621,4
0.676,0.866,6,-5.018,1,0.0618,0.00936,0.000201,0.284,0.312,122.038,audio_features,3lN0jZhE0JBMdquHoU69DK,spotify:track:3lN0jZhE0JBMdquHoU69DK,https://api.spotify.com/v1/tracks/3lN0jZhE0JBMdquHoU69DK,https://api.spotify.com/v1/audio-analysis/3lN0jZhE0JBMdquHoU69DK,209040,4
0.57,0.896,2,-8.275,0,0.037,0.000688,0.891,0.354,0.035,127.008,audio_features,1GL5QiLQAkkBYbdYs7zN1O,spotify:track:1GL5QiLQAkkBYbdYs7zN1O,https://api.spotify.com/v1/tracks/1GL5QiLQAkkBYbdYs7zN1O,https://api.spotify.com/v1/audio-analysis/1GL5QiLQAkkBYbdYs7zN1O,290520,4
0.555,0.834,4,-11.908,0,0.0381,0.00198,0.88,0.0821,0.0404,126.0,audio_features,0f69kmykZGERLzywXJQ983,spotify:track:0f69kmykZGERLzywXJQ983,https://api.spotify.com/v1/tracks/0f69kmykZGERLzywXJQ983,https://api.spotify.com/v1/audio-analysis/0f69kmykZGERLzywXJQ983,310987,4
0.562,0.868,7,-6.145,1,0.0351,0.00497,0.893,0.131,0.831,129.997,audio_features,5QdUcBubxXU7XqJymzRP7F,spotify:track:5QdUcBubxXU7XqJymzRP7F,https://api.spotify.com/v1/tracks/5QdUcBubxXU7XqJymzRP7F,https://api.spotify.com/v1/audio-analysis/5QdUcBubxXU7XqJymzRP7F,391419,4
0.655,0.888,11,-5.49,1,0.0554,0.00788,0.000335,0.071,0.676,120.046,audio_features,7aooJgjXqpnPtQB3YGuKlO,spotify:track:7aooJgjXqpnPtQB3YGuKlO,https://api.spotify.com/v1/tracks/7aooJgjXqpnPtQB3YGuKlO,https://api.spotify.com/v1/audio-analysis/7aooJgjXqpnPtQB3YGuKlO,192453,4
0.601,0.824,0,-7.296,1,0.03,0.0669,0.502,0.217,0.0809,126.964,audio_features,3duPhI51JWlS8ewEjQOwMw,spotify:track:3duPhI51JWlS8ewEjQOwMw,https://api.spotify.com/v1/tracks/3duPhI51JWlS8ewEjQOwMw,https://api.spotify.com/v1/audio-analysis/3duPhI51JWlS8ewEjQOwMw,231760,4
0.542,0.753,6,-11.047,0,0.0561,0.0419,0.888,0.0882,0.0324,124.979,audio_features,4zxhFY8YstoyDtR9Yt3JhL,spotify:track:4zxhFY8YstoyDtR9Yt3JhL,https://api.spotify.com/v1/tracks/4zxhFY8YstoyDtR9Yt3JhL,https://api.spotify.com/v1/audio-analysis/4zxhFY8YstoyDtR9Yt3JhL,445360,4
0.53,0.848,6,-6.243,1,0.0741,0.256,0.0,0.893,0.396,106.901,audio_features,3R2Ixz50biUsQzcla8DjeI,spotify:track:3R2Ixz50biUsQzcla8DjeI,https://api.spotify.com/v1/tracks/3R2Ixz50biUsQzcla8DjeI,https://api.spotify.com/v1/audio-analysis/3R2Ixz50biUsQzcla8DjeI,240893,4
0.811,0.601,6,-7.571,1,0.0604,0.00721,0.597,0.0673,0.71,138.017,audio_features,4hWduORlfeA0kgIPljSb64,spotify:track:4hWduORlfeA0kgIPljSb64,https://api.spotify.com/v1/tracks/4hWduORlfeA0kgIPljSb64,https://api.spotify.com/v1/audio-analysis/4hWduORlfeA0kgIPljSb64,297851,4
0.767,0.794,1,-8.712,1,0.0658,0.00379,0.841,0.067,0.228,127.005,audio_features,1a7OhAmPa8UU9ZvbE5q8uZ,spotify:track:1a7OhAmPa8UU9ZvbE5q8uZ,https://api.spotify.com/v1/tracks/1a7OhAmPa8UU9ZvbE5q8uZ,https://api.spotify.com/v1/audio-analysis/1a7OhAmPa8UU9ZvbE5q8uZ,295378,4
0.702,0.648,6,-9.284,1,0.042,0.00164,0.868,0.0936,0.574,131.99,audio_features,4oFu3g6aVXSowKQX0TSnO6,spotify:track:4oFu3g6aVXSowKQX0TSnO6,https://api.spotify.com/v1/tracks/4oFu3g6aVXSowKQX0TSnO6,https://api.spotify.com/v1/audio-analysis/4oFu3g6aVXSowKQX0TSnO6,265456,4
0.87,0.86,5,-7.077,0,0.109,0.14,0.952,0.163,0.29,113.354,audio_features,5xTAemxxsC1VLy32CTg8ns,spotify:track:5xTAemxxsC1VLy32CTg8ns,https://api.spotify.com/v1/tracks/5xTAemxxsC1VLy32CTg8ns,https://api.spotify.com/v1/audio-analysis/5xTAemxxsC1VLy32CTg8ns,256298,5
0.731,0.902,11,-10.807,1,0.0511,0.0122,0.899,0.111,0.409,136.014,audio_features,0kfCf8GLQDZFZZIhVtHZvk,spotify:track:0kfCf8GLQDZFZZIhVtHZvk,https://api.spotify.com/v1/tracks/0kfCf8GLQDZFZZIhVtHZvk,https://api.spotify.com/v1/audio-analysis/0kfCf8GLQDZFZZIhVtHZvk,469612,4
0.748,0.67,9,-8.032,1,0.061,0.00131,0.901,0.108,0.109,138.024,audio_features,3CjHpY9u61CaV9akhJgzoS,spotify:track:3CjHpY9u61CaV9akhJgzoS,https://api.spotify.com/v1/tracks/3CjHpY9u61CaV9akhJgzoS,https://api.spotify.com/v1/audio-analysis/3CjHpY9u61CaV9akhJgzoS,450714,4
0.696,0.944,7,-9.727,1,0.0497,0.000296,0.901,0.161,0.0383,138.016,audio_features,5v5ljtRS4vrpUwARTrJJaE,spotify:track:5v5ljtRS4vrpUwARTrJJaE,https://api.spotify.com/v1/tracks/5v5ljtRS4vrpUwARTrJJaE,https://api.spotify.com/v1/audio-analysis/5v5ljtRS4vrpUwARTrJJaE,399037,4
0.606,0.969,7,-6.404,1,0.0531,0.00125,0.421,0.0816,0.0563,127.006,audio_features,0dFLi0ewOCznez3T2AsZZ8,spotify:track:0dFLi0ewOCznez3T2AsZZ8,https://api.spotify.com/v1/tracks/0dFLi0ewOCznez3T2AsZZ8,https://api.spotify.com/v1/audio-analysis/0dFLi0ewOCznez3T2AsZZ8,205331,4
0.719,0.854,7,-9.182,1,0.0449,7.29e-05,0.868,0.21,0.194,127.997,audio_features,7mLZt36qnvXAm2Xzgr8QY1,spotify:track:7mLZt36qnvXAm2Xzgr8QY1,https://api.spotify.com/v1/tracks/7mLZt36qnvXAm2Xzgr8QY1,https://api.spotify.com/v1/audio-analysis/7mLZt36qnvXAm2Xzgr8QY1,188790,4
0.706,0.769,1,-13.83,1,0.0303,0.249,0.908,0.103,0.41,136.986,audio_features,4FLZkM2KJn8kj5A4J03ooQ,spotify:track:4FLZkM2KJn8kj5A4J03ooQ,https://api.spotify.com/v1/tracks/4FLZkM2KJn8kj5A4J03ooQ,https://api.spotify.com/v1/audio-analysis/4FLZkM2KJn8kj5A4J03ooQ,235200,4
0.725,0.948,0,-4.787,1,0.0573,0.00307,0.921,0.111,0.0473,132.003,audio_features,1oqNFRNkgn2UAK9aljDAV7,spotify:track:1oqNFRNkgn2UAK9aljDAV7,https://api.spotify.com/v1/tracks/1oqNFRNkgn2UAK9aljDAV7,https://api.spotify.com/v1/audio-analysis/1oqNFRNkgn2UAK9aljDAV7,350909,4
0.551,0.916,5,-5.561,0,0.0402,9.3e-06,0.821,0.104,0.638,134.007,audio_features,3niVLBgiLMOXrck6o6X0QO,spotify:track:3niVLBgiLMOXrck6o6X0QO,https://api.spotify.com/v1/tracks/3niVLBgiLMOXrck6o6X0QO,https://api.spotify.com/v1/audio-analysis/3niVLBgiLMOXrck6o6X0QO,376120,3
0.831,0.58,4,-8.41,0,0.0446,0.031,0.935,0.109,0.0754,127.997,audio_features,5Jo4Y3kS3o6uXmtw5gHI2Z,spotify:track:5Jo4Y3kS3o6uXmtw5gHI2Z,https://api.spotify.com/v1/tracks/5Jo4Y3kS3o6uXmtw5gHI2Z,https://api.spotify.com/v1/audio-analysis/5Jo4Y3kS3o6uXmtw5gHI2Z,243850,4
0.933,0.733,1,-4.634,1,0.0689,0.276,0.733,0.111,0.584,125.017,audio_features,29EqYPuLdMrl6sQwq4nh2X,spotify:track:29EqYPuLdMrl6sQwq4nh2X,https://api.spotify.com/v1/tracks/29EqYPuLdMrl6sQwq4nh2X,https://api.spotify.com/v1/audio-analysis/29EqYPuLdMrl6sQwq4nh2X,232133,4
0.811,0.898,7,-4.244,1,0.155,0.0243,0.829,0.267,0.258,112.003,audio_features,1F3GxjdKKM5aNcGO8rELlP,spotify:track:1F3GxjdKKM5aNcGO8rELlP,https://api.spotify.com/v1/tracks/1F3GxjdKKM5aNcGO8rELlP,https://api.spotify.com/v1/audio-analysis/1F3GxjdKKM5aNcGO8rELlP,245603,4
0.816,0.868,1,-5.599,1,0.0782,0.145,0.849,0.196,0.256,120.009,audio_features,3VzXsmtOGQRqlFsp0oBvLW,spotify:track:3VzXsmtOGQRqlFsp0oBvLW,https://api.spotify.com/v1/tracks/3VzXsmtOGQRqlFsp0oBvLW,https://api.spotify.com/v1/audio-analysis/3VzXsmtOGQRqlFsp0oBvLW,195988,4
0.742,0.607,10,-9.713,0,0.139,0.0718,0.924,0.156,0.227,94.025,audio_features,5ArZxWQibonhFCWYGPcOds,spotify:track:5ArZxWQibonhFCWYGPcOds,https://api.spotify.com/v1/tracks/5ArZxWQibonhFCWYGPcOds,https://api.spotify.com/v1/audio-analysis/5ArZxWQibonhFCWYGPcOds,232446,4
0.735,0.864,11,-9.344,0,0.0443,0.000458,0.819,0.529,0.197,122.998,audio_features,0Q8O9vyX1X6tajbwXIYiFX,spotify:track:0Q8O9vyX1X6tajbwXIYiFX,https://api.spotify.com/v1/tracks/0Q8O9vyX1X6tajbwXIYiFX,https://api.spotify.com/v1/audio-analysis/0Q8O9vyX1X6tajbwXIYiFX,468204,4
0.774,0.611,0,-8.45,1,0.0572,0.00989,0.893,0.121,0.258,124.995,audio_features,4CDkLxzZqsHggHvL13tNlB,spotify:track:4CDkLxzZqsHggHvL13tNlB,https://api.spotify.com/v1/tracks/4CDkLxzZqsHggHvL13tNlB,https://api.spotify.com/v1/audio-analysis/4CDkLxzZqsHggHvL13tNlB,383993,4
0.784,0.855,11,-9.605,1,0.0518,9.61e-05,0.901,0.345,0.557,123.001,audio_features,4pQyO3u2xHdeRFKmVHds8x,spotify:track:4pQyO3u2xHdeRFKmVHds8x,https://api.spotify.com/v1/tracks/4pQyO3u2xHdeRFKmVHds8x,https://api.spotify.com/v1/audio-analysis/4pQyO3u2xHdeRFKmVHds8x,374292,4
0.424,0.876,7,-7.955,1,0.0417,0.0224,0.896,0.107,0.0389,133.941,audio_features,7mGsdWOmiPF1h1OGvG9zQE,spotify:track:7mGsdWOmiPF1h1OGvG9zQE,https://api.spotify.com/v1/tracks/7mGsdWOmiPF1h1OGvG9zQE,https://api.spotify.com/v1/audio-analysis/7mGsdWOmiPF1h1OGvG9zQE,431020,5
0.784,0.902,7,-8.119,1,0.0593,0.00586,0.89,0.108,0.272,136.002,audio_features,29y1joqBkdU0f4DzQKN7nO,spotify:track:29y1joqBkdU0f4DzQKN7nO,https://api.spotify.com/v1/tracks/29y1joqBkdU0f4DzQKN7nO,https://api.spotify.com/v1/audio-analysis/29y1joqBkdU0f4DzQKN7nO,333867,4
0.715,0.942,10,-11.555,0,0.0574,0.379,0.962,0.109,0.331,135.682,audio_features,6HiDfXZA4zMCH0ADRel5be,spotify:track:6HiDfXZA4zMCH0ADRel5be,https://api.spotify.com/v1/tracks/6HiDfXZA4zMCH0ADRel5be,https://api.spotify.com/v1/audio-analysis/6HiDfXZA4zMCH0ADRel5be,306591,4
0.765,0.831,1,-10.718,0,0.0504,0.000101,0.921,0.106,0.593,136.992,audio_features,3MGQO4oIialt8ql02sat0S,spotify:track:3MGQO4oIialt8ql02sat0S,https://api.spotify.com/v1/tracks/3MGQO4oIialt8ql02sat0S,https://api.spotify.com/v1/audio-analysis/3MGQO4oIialt8ql02sat0S,375545,4
0.606,0.965,4,-6.026,0,0.0501,1.45e-06,0.925,0.0815,0.178,138.007,audio_features,6pGBqFEqbjovMKHYt0nAZG,spotify:track:6pGBqFEqbjovMKHYt0nAZG,https://api.spotify.com/v1/tracks/6pGBqFEqbjovMKHYt0nAZG,https://api.spotify.com/v1/audio-analysis/6pGBqFEqbjovMKHYt0nAZG,364399,3
0.761,0.936,7,-9.605,1,0.0353,7.06e-06,0.934,0.0999,0.603,132.162,audio_features,5xNPAzaDPe0yB4RIfvFqRJ,spotify:track:5xNPAzaDPe0yB4RIfvFqRJ,https://api.spotify.com/v1/tracks/5xNPAzaDPe0yB4RIfvFqRJ,https://api.spotify.com/v1/audio-analysis/5xNPAzaDPe0yB4RIfvFqRJ,336153,4
0.612,0.962,2,-8.919,1,0.0491,0.321,0.957,0.11,0.147,134.003,audio_features,33hZyEzhQhO0rzNgMnljxz,spotify:track:33hZyEzhQhO0rzNgMnljxz,https://api.spotify.com/v1/tracks/33hZyEzhQhO0rzNgMnljxz,https://api.spotify.com/v1/audio-analysis/33hZyEzhQhO0rzNgMnljxz,310338,3
0.656,0.871,9,-8.564,1,0.0444,5.51e-06,0.95,0.0969,0.375,135.005,audio_features,5PX43Fs8ax7y3B7wtsv169,spotify:track:5PX43Fs8ax7y3B7wtsv169,https://api.spotify.com/v1/tracks/5PX43Fs8ax7y3B7wtsv169,https://api.spotify.com/v1/audio-analysis/5PX43Fs8ax7y3B7wtsv169,364775,4
0.79,0.922,7,-8.218,1,0.0461,0.000201,0.895,0.11,0.038,134.005,audio_features,0sV61JMGC6eXLTEF1tO2or,spotify:track:0sV61JMGC6eXLTEF1tO2or,https://api.spotify.com/v1/tracks/0sV61JMGC6eXLTEF1tO2or,https://api.spotify.com/v1/audio-analysis/0sV61JMGC6eXLTEF1tO2or,378346,3
0.608,0.622,2,-11.984,1,0.0439,0.103,0.863,0.113,0.0236,132.003,audio_features,7ojUutYZKRV6NCiQ69xuD4,spotify:track:7ojUutYZKRV6NCiQ69xuD4,https://api.spotify.com/v1/tracks/7ojUutYZKRV6NCiQ69xuD4,https://api.spotify.com/v1/audio-analysis/7ojUutYZKRV6NCiQ69xuD4,428423,3
0.635,0.944,1,-8.994,0,0.0408,0.0588,0.925,0.292,0.421,132.001,audio_features,1hipH0gKCWOxUjvHN56WoK,spotify:track:1hipH0gKCWOxUjvHN56WoK,https://api.spotify.com/v1/tracks/1hipH0gKCWOxUjvHN56WoK,https://api.spotify.com/v1/audio-analysis/1hipH0gKCWOxUjvHN56WoK,369605,3
0.609,0.817,1,-8.593,1,0.0483,4.54e-05,0.714,0.0993,0.164,131.013,audio_features,4UK3FYzgGslMZ3Uhf5W1MJ,spotify:track:4UK3FYzgGslMZ3Uhf5W1MJ,https://api.spotify.com/v1/tracks/4UK3FYzgGslMZ3Uhf5W1MJ,https://api.spotify.com/v1/audio-analysis/4UK3FYzgGslMZ3Uhf5W1MJ,425917,4
0.569,0.962,0,-7.979,1,0.0416,0.000238,0.792,0.0392,0.32,140.002,audio_features,5OgqVZN1rvrgAwVRUeKfV2,spotify:track:5OgqVZN1rvrgAwVRUeKfV2,https://api.spotify.com/v1/tracks/5OgqVZN1rvrgAwVRUeKfV2,https://api.spotify.com/v1/audio-analysis/5OgqVZN1rvrgAwVRUeKfV2,372000,4
0.631,0.9,6,-9.355,0,0.0455,0.000387,0.785,0.0898,0.5,135.008,audio_features,6aEtG1JbZsdhqJozfLosrU,spotify:track:6aEtG1JbZsdhqJozfLosrU,https://api.spotify.com/v1/tracks/6aEtG1JbZsdhqJozfLosrU,https://api.spotify.com/v1/audio-analysis/6aEtG1JbZsdhqJozfLosrU,320174,4
0.571,0.97,4,-7.939,0,0.0499,0.000154,0.928,0.328,0.0393,135.023,audio_features,2gnbSO1UQ0IKER42g8dVCb,spotify:track:2gnbSO1UQ0IKER42g8dVCb,https://api.spotify.com/v1/tracks/2gnbSO1UQ0IKER42g8dVCb,https://api.spotify.com/v1/audio-analysis/2gnbSO1UQ0IKER42g8dVCb,329580,4
0.615,0.905,11,-8.39,1,0.0414,0.00163,0.538,0.0319,0.626,140.001,audio_features,5hgRQmjFn45NxcPV9Rdhxb,spotify:track:5hgRQmjFn45NxcPV9Rdhxb,https://api.spotify.com/v1/tracks/5hgRQmjFn45NxcPV9Rdhxb,https://api.spotify.com/v1/audio-analysis/5hgRQmjFn45NxcPV9Rdhxb,380000,4
0.595,0.844,1,-8.05,1,0.052,0.000106,0.515,0.1,0.262,130.984,audio_features,6WniOLTv292touj8MAn6sN,spotify:track:6WniOLTv292touj8MAn6sN,https://api.spotify.com/v1/tracks/6WniOLTv292touj8MAn6sN,https://api.spotify.com/v1/audio-analysis/6WniOLTv292touj8MAn6sN,322457,4
0.546,0.954,9,-7.957,0,0.041,0.000357,0.827,0.0537,0.429,140.002,audio_features,74P8aG2JMc4zEjukAehBsq,spotify:track:74P8aG2JMc4zEjukAehBsq,https://api.spotify.com/v1/tracks/74P8aG2JMc4zEjukAehBsq,https://api.spotify.com/v1/audio-analysis/74P8aG2JMc4zEjukAehBsq,278235,4
0.593,0.911,6,-8.126,0,0.0377,0.0004,0.672,0.0503,0.525,134.988,audio_features,00SDE5v7h8r07KjynrJ3lB,spotify:track:00SDE5v7h8r07KjynrJ3lB,https://api.spotify.com/v1/tracks/00SDE5v7h8r07KjynrJ3lB,https://api.spotify.com/v1/audio-analysis/00SDE5v7h8r07KjynrJ3lB,249502,4
0.735,0.964,1,-7.575,1,0.0524,0.0023,0.883,0.127,0.0754,128.007,audio_features,55QgQtU2Cq3khoiAnYj2Dk,spotify:track:55QgQtU2Cq3khoiAnYj2Dk,https://api.spotify.com/v1/tracks/55QgQtU2Cq3khoiAnYj2Dk,https://api.spotify.com/v1/audio-analysis/55QgQtU2Cq3khoiAnYj2Dk,346000,4
0.502,0.888,9,-5.876,0,0.0377,0.00218,0.951,0.0543,0.258,144.031,audio_features,43cN6omERBbEzPoarkBILv,spotify:track:43cN6omERBbEzPoarkBILv,https://api.spotify.com/v1/tracks/43cN6omERBbEzPoarkBILv,https://api.spotify.com/v1/audio-analysis/43cN6omERBbEzPoarkBILv,266667,4
0.727,0.629,4,-5.137,0,0.111,0.004,0.808,0.069,0.307,130.003,audio_features,2X8XhkI3gPI710ah4KDqKs,spotify:track:2X8XhkI3gPI710ah4KDqKs,https://api.spotify.com/v1/tracks/2X8XhkI3gPI710ah4KDqKs,https://api.spotify.com/v1/audio-analysis/2X8XhkI3gPI710ah4KDqKs,269559,4
0.768,0.786,2,-10.519,1,0.0497,0.00252,0.854,0.326,0.489,138.979,audio_features,4Z75rPihWYUklsjBeu4Q20,spotify:track:4Z75rPihWYUklsjBeu4Q20,https://api.spotify.com/v1/tracks/4Z75rPihWYUklsjBeu4Q20,https://api.spotify.com/v1/audio-analysis/4Z75rPihWYUklsjBeu4Q20,305078,4
0.678,0.975,11,-7.41,1,0.0428,3.97e-05,0.906,0.265,0.196,131.998,audio_features,4AqvfnUyIfQoa4hIbEPYnt,spotify:track:4AqvfnUyIfQoa4hIbEPYnt,https://api.spotify.com/v1/tracks/4AqvfnUyIfQoa4hIbEPYnt,https://api.spotify.com/v1/audio-analysis/4AqvfnUyIfQoa4hIbEPYnt,365007,4
0.609,0.938,6,-7.227,0,0.0423,0.000383,0.857,0.0917,0.314,132.004,audio_features,7rSGeNi8HT6UwgNEK7T6Vs,spotify:track:7rSGeNi8HT6UwgNEK7T6Vs,https://api.spotify.com/v1/tracks/7rSGeNi8HT6UwgNEK7T6Vs,https://api.spotify.com/v1/audio-analysis/7rSGeNi8HT6UwgNEK7T6Vs,338826,4
0.605,0.763,10,-8.606,0,0.0345,0.000246,0.867,0.107,0.262,131.992,audio_features,4saFDomUDJScaAxVlbXkro,spotify:track:4saFDomUDJScaAxVlbXkro,https://api.spotify.com/v1/tracks/4saFDomUDJScaAxVlbXkro,https://api.spotify.com/v1/audio-analysis/4saFDomUDJScaAxVlbXkro,567348,4
0.744,0.701,10,-9.384,0,0.0545,0.0112,0.537,0.0743,0.0954,126.005,audio_features,0pn23c2WaD4Vdfs6SGgs7l,spotify:track:0pn23c2WaD4Vdfs6SGgs7l,https://api.spotify.com/v1/tracks/0pn23c2WaD4Vdfs6SGgs7l,https://api.spotify.com/v1/audio-analysis/0pn23c2WaD4Vdfs6SGgs7l,399798,4
0.617,0.843,0,-6.1,1,0.0397,0.00435,0.903,0.115,0.106,134.003,audio_features,6Cj1pP80GBY8UOn8hsCA2D,spotify:track:6Cj1pP80GBY8UOn8hsCA2D,https://api.spotify.com/v1/tracks/6Cj1pP80GBY8UOn8hsCA2D,https://api.spotify.com/v1/audio-analysis/6Cj1pP80GBY8UOn8hsCA2D,319142,4
0.723,0.801,10,-4.855,0,0.0447,0.000245,0.828,0.109,0.0867,132.003,audio_features,2DP2kfpmMPquhd3D3HAkyQ,spotify:track:2DP2kfpmMPquhd3D3HAkyQ,https://api.spotify.com/v1/tracks/2DP2kfpmMPquhd3D3HAkyQ,https://api.spotify.com/v1/audio-analysis/2DP2kfpmMPquhd3D3HAkyQ,426000,4
0.662,0.853,6,-7.129,1,0.0531,0.000118,0.92,0.0845,0.388,130.002,audio_features,4g6OIziqL1AjnthpRDrPBg,spotify:track:4g6OIziqL1AjnthpRDrPBg,https://api.spotify.com/v1/tracks/4g6OIziqL1AjnthpRDrPBg,https://api.spotify.com/v1/audio-analysis/4g6OIziqL1AjnthpRDrPBg,387735,4
0.707,0.858,10,-4.448,0,0.0424,0.00436,0.839,0.101,0.0779,131.009,audio_features,3aOcBv8zLLHsg2xfQayzl1,spotify:track:3aOcBv8zLLHsg2xfQayzl1,https://api.spotify.com/v1/tracks/3aOcBv8zLLHsg2xfQayzl1,https://api.spotify.com/v1/audio-analysis/3aOcBv8zLLHsg2xfQayzl1,340840,4
0.714,0.919,6,-7.388,0,0.0568,5.2e-05,0.908,0.0751,0.32,127.021,audio_features,3nvm11Sc7eNkOhjT8JnJ0c,spotify:track:3nvm11Sc7eNkOhjT8JnJ0c,https://api.spotify.com/v1/tracks/3nvm11Sc7eNkOhjT8JnJ0c,https://api.spotify.com/v1/audio-analysis/3nvm11Sc7eNkOhjT8JnJ0c,381751,4
0.693,0.93,5,-6.059,0,0.0531,2.91e-05,0.89,0.112,0.283,128.992,audio_features,1vxwzeIhdE7E0xLsPuuL2F,spotify:track:1vxwzeIhdE7E0xLsPuuL2F,https://api.spotify.com/v1/tracks/1vxwzeIhdE7E0xLsPuuL2F,https://api.spotify.com/v1/audio-analysis/1vxwzeIhdE7E0xLsPuuL2F,284020,4
0.639,0.989,1,-9.12,1,0.0472,0.0276,0.788,0.107,0.175,133.992,audio_features,2yhKD7J4mFBf509A88Xr8R,spotify:track:2yhKD7J4mFBf509A88Xr8R,https://api.spotify.com/v1/tracks/2yhKD7J4mFBf509A88Xr8R,https://api.spotify.com/v1/audio-analysis/2yhKD7J4mFBf509A88Xr8R,305471,4
0.779,0.672,7,-8.576,1,0.093,0.0945,0.823,0.081,0.593,130.011,audio_features,2VpRjWVSJO0usmptzlJO9e,spotify:track:2VpRjWVSJO0usmptzlJO9e,https://api.spotify.com/v1/tracks/2VpRjWVSJO0usmptzlJO9e,https://api.spotify.com/v1/audio-analysis/2VpRjWVSJO0usmptzlJO9e,460342,4
0.595,0.614,4,-10.077,0,0.052,0.0044,0.9,0.114,0.0382,129.955,audio_features,4rEDWgM5zJKEV8I3SM7cqZ,spotify:track:4rEDWgM5zJKEV8I3SM7cqZ,https://api.spotify.com/v1/tracks/4rEDWgM5zJKEV8I3SM7cqZ,https://api.spotify.com/v1/audio-analysis/4rEDWgM5zJKEV8I3SM7cqZ,358125,4
0.636,0.812,11,-9.724,0,0.0516,0.00015,0.907,0.0887,0.181,130.001,audio_features,7BBXzB1LE6YvqWfqvEV3h4,spotify:track:7BBXzB1LE6YvqWfqvEV3h4,https://api.spotify.com/v1/tracks/7BBXzB1LE6YvqWfqvEV3h4,https://api.spotify.com/v1/audio-analysis/7BBXzB1LE6YvqWfqvEV3h4,399553,4
0.779,0.876,2,-7.847,1,0.0417,0.00184,0.873,0.29,0.0696,131.984,audio_features,3rYh5nraYPhTJm8wBbpoKS,spotify:track:3rYh5nraYPhTJm8wBbpoKS,https://api.spotify.com/v1/tracks/3rYh5nraYPhTJm8wBbpoKS,https://api.spotify.com/v1/audio-analysis/3rYh5nraYPhTJm8wBbpoKS,364820,4
0.762,0.904,10,-4.669,0,0.0721,0.218,0.905,0.0898,0.0663,127.998,audio_features,0fJVpaXXZxqH60BHBK1R5f,spotify:track:0fJVpaXXZxqH60BHBK1R5f,https://api.spotify.com/v1/tracks/0fJVpaXXZxqH60BHBK1R5f,https://api.spotify.com/v1/audio-analysis/0fJVpaXXZxqH60BHBK1R5f,386070,4
0.717,0.87,1,-7.985,0,0.0408,0.0549,0.896,0.191,0.374,128.996,audio_features,5hnrYL89ZS6BgTjBEGWkNS,spotify:track:5hnrYL89ZS6BgTjBEGWkNS,https://api.spotify.com/v1/tracks/5hnrYL89ZS6BgTjBEGWkNS,https://api.spotify.com/v1/audio-analysis/5hnrYL89ZS6BgTjBEGWkNS,373961,4
0.864,0.827,7,-7.014,1,0.0533,0.0693,0.00547,0.134,0.736,130.018,audio_features,6jVlTi2ftKk02j3mCWsSKQ,spotify:track:6jVlTi2ftKk02j3mCWsSKQ,https://api.spotify.com/v1/tracks/6jVlTi2ftKk02j3mCWsSKQ,https://api.spotify.com/v1/audio-analysis/6jVlTi2ftKk02j3mCWsSKQ,195964,4
0.52,0.699,11,-6.381,1,0.0785,0.00184,0.00661,0.0755,0.278,124.91,audio_features,5qBRvNWlZq41SoQ8qVXBGn,spotify:track:5qBRvNWlZq41SoQ8qVXBGn,https://api.spotify.com/v1/tracks/5qBRvNWlZq41SoQ8qVXBGn,https://api.spotify.com/v1/audio-analysis/5qBRvNWlZq41SoQ8qVXBGn,190498,4
0.728,0.795,9,-6.082,1,0.0614,0.0534,0.0318,0.212,0.543,124.994,audio_features,3iCPoMIHySIXhJjso5H8a9,spotify:track:3iCPoMIHySIXhJjso5H8a9,https://api.spotify.com/v1/tracks/3iCPoMIHySIXhJjso5H8a9,https://api.spotify.com/v1/audio-analysis/3iCPoMIHySIXhJjso5H8a9,189441,4
0.831,0.58,4,-8.41,0,0.0446,0.031,0.935,0.109,0.0754,127.997,audio_features,5Jo4Y3kS3o6uXmtw5gHI2Z,spotify:track:5Jo4Y3kS3o6uXmtw5gHI2Z,https://api.spotify.com/v1/tracks/5Jo4Y3kS3o6uXmtw5gHI2Z,https://api.spotify.com/v1/audio-analysis/5Jo4Y3kS3o6uXmtw5gHI2Z,243850,4
0.933,0.733,1,-4.634,1,0.0689,0.276,0.733,0.111,0.584,125.017,audio_features,29EqYPuLdMrl6sQwq4nh2X,spotify:track:29EqYPuLdMrl6sQwq4nh2X,https://api.spotify.com/v1/tracks/29EqYPuLdMrl6sQwq4nh2X,https://api.spotify.com/v1/audio-analysis/29EqYPuLdMrl6sQwq4nh2X,232133,4
0.811,0.898,7,-4.244,1,0.155,0.0243,0.829,0.267,0.258,112.003,audio_features,1F3GxjdKKM5aNcGO8rELlP,spotify:track:1F3GxjdKKM5aNcGO8rELlP,https://api.spotify.com/v1/tracks/1F3GxjdKKM5aNcGO8rELlP,https://api.spotify.com/v1/audio-analysis/1F3GxjdKKM5aNcGO8rELlP,245603,4
0.816,0.868,1,-5.599,1,0.0782,0.145,0.849,0.196,0.256,120.009,audio_features,3VzXsmtOGQRqlFsp0oBvLW,spotify:track:3VzXsmtOGQRqlFsp0oBvLW,https://api.spotify.com/v1/tracks/3VzXsmtOGQRqlFsp0oBvLW,https://api.spotify.com/v1/audio-analysis/3VzXsmtOGQRqlFsp0oBvLW,195988,4
0.742,0.607,10,-9.713,0,0.139,0.0718,0.924,0.156,0.227,94.025,audio_features,5ArZxWQibonhFCWYGPcOds,spotify:track:5ArZxWQibonhFCWYGPcOds,https://api.spotify.com/v1/tracks/5ArZxWQibonhFCWYGPcOds,https://api.spotify.com/v1/audio-analysis/5ArZxWQibonhFCWYGPcOds,232446,4
0.788,0.745,6,-10.216,0,0.0683,0.178,0.919,0.103,0.167,128.018,audio_features,4IBTaLcyBfhuScxxs7FXWS,spotify:track:4IBTaLcyBfhuScxxs7FXWS,https://api.spotify.com/v1/tracks/4IBTaLcyBfhuScxxs7FXWS,https://api.spotify.com/v1/audio-analysis/4IBTaLcyBfhuScxxs7FXWS,225405,4
0.784,0.664,1,-11.194,1,0.0948,0.323,0.926,0.106,0.107,128.004,audio_features,6hAN3H4pu8MivP75e2Qlmf,spotify:track:6hAN3H4pu8MivP75e2Qlmf,https://api.spotify.com/v1/tracks/6hAN3H4pu8MivP75e2Qlmf,https://api.spotify.com/v1/audio-analysis/6hAN3H4pu8MivP75e2Qlmf,398132,4
0.797,0.713,7,-12.891,1,0.0727,0.0111,0.855,0.125,0.245,125.999,audio_features,1kXKCg5r6PYoXql8agTHkp,spotify:track:1kXKCg5r6PYoXql8agTHkp,https://api.spotify.com/v1/tracks/1kXKCg5r6PYoXql8agTHkp,https://api.spotify.com/v1/audio-analysis/1kXKCg5r6PYoXql8agTHkp,335499,4
0.751,0.562,11,-10.398,0,0.0667,0.472,0.902,0.109,0.302,139.994,audio_features,0YZAILWkcrwLfRMPWvVIwv,spotify:track:0YZAILWkcrwLfRMPWvVIwv,https://api.spotify.com/v1/tracks/0YZAILWkcrwLfRMPWvVIwv,https://api.spotify.com/v1/audio-analysis/0YZAILWkcrwLfRMPWvVIwv,330857,4
0.743,0.828,8,-8.552,0,0.04,0.000126,0.674,0.236,0.182,114.971,audio_features,4woCaPYcENLOfoK6o82MgS,spotify:track:4woCaPYcENLOfoK6o82MgS,https://api.spotify.com/v1/tracks/4woCaPYcENLOfoK6o82MgS,https://api.spotify.com/v1/audio-analysis/4woCaPYcENLOfoK6o82MgS,338332,4
0.538,0.868,1,-6.999,1,0.0519,0.0301,0.906,0.0851,0.37,200.015,audio_features,5CkcQNihN5J4lcDYAcbTPn,spotify:track:5CkcQNihN5J4lcDYAcbTPn,https://api.spotify.com/v1/tracks/5CkcQNihN5J4lcDYAcbTPn,https://api.spotify.com/v1/audio-analysis/5CkcQNihN5J4lcDYAcbTPn,338986,4
0.802,0.91,11,-7.815,0,0.0745,4.72e-05,0.918,0.529,0.725,128.003,audio_features,7wHK1wnd7wEelsDMm3OyuI,spotify:track:7wHK1wnd7wEelsDMm3OyuI,https://api.spotify.com/v1/tracks/7wHK1wnd7wEelsDMm3OyuI,https://api.spotify.com/v1/audio-analysis/7wHK1wnd7wEelsDMm3OyuI,217500,4
0.756,0.759,11,-11.481,1,0.0506,0.000773,0.875,0.142,0.126,119.999,audio_features,2q9pBFsbox3iCY2vgV3dMs,spotify:track:2q9pBFsbox3iCY2vgV3dMs,https://api.spotify.com/v1/tracks/2q9pBFsbox3iCY2vgV3dMs,https://api.spotify.com/v1/audio-analysis/2q9pBFsbox3iCY2vgV3dMs,242000,4
0.786,0.829,1,-12.495,1,0.056,0.0138,0.951,0.103,0.337,133.002,audio_features,4aYWokfaB9rypoUzg8d1Cq,spotify:track:4aYWokfaB9rypoUzg8d1Cq,https://api.spotify.com/v1/tracks/4aYWokfaB9rypoUzg8d1Cq,https://api.spotify.com/v1/audio-analysis/4aYWokfaB9rypoUzg8d1Cq,276000,3
0.86,0.56,6,-14.298,0,0.134,0.0205,0.918,0.113,0.163,131.004,audio_features,7eMhRRFMvWDYNW7SSduKpw,spotify:track:7eMhRRFMvWDYNW7SSduKpw,https://api.spotify.com/v1/tracks/7eMhRRFMvWDYNW7SSduKpw,https://api.spotify.com/v1/audio-analysis/7eMhRRFMvWDYNW7SSduKpw,325013,4
0.79,0.945,6,-12.001,0,0.0564,0.000438,0.932,0.0693,0.178,132.013,audio_features,5EYupHjULMVMbuVxDAdo7m,spotify:track:5EYupHjULMVMbuVxDAdo7m,https://api.spotify.com/v1/tracks/5EYupHjULMVMbuVxDAdo7m,https://api.spotify.com/v1/audio-analysis/5EYupHjULMVMbuVxDAdo7m,352747,4
0.662,0.847,9,-9.986,1,0.0428,0.00591,0.786,0.111,0.639,128.019,audio_features,5MIpIX9VjzPCJNOgpYsFwf,spotify:track:5MIpIX9VjzPCJNOgpYsFwf,https://api.spotify.com/v1/tracks/5MIpIX9VjzPCJNOgpYsFwf,https://api.spotify.com/v1/audio-analysis/5MIpIX9VjzPCJNOgpYsFwf,499867,4
0.717,0.859,11,-6.989,1,0.0478,0.00135,0.882,0.117,0.188,132.987,audio_features,2H4GMhla51TjmoIRODNdJN,spotify:track:2H4GMhla51TjmoIRODNdJN,https://api.spotify.com/v1/tracks/2H4GMhla51TjmoIRODNdJN,https://api.spotify.com/v1/audio-analysis/2H4GMhla51TjmoIRODNdJN,404000,4
0.536,0.931,2,-7.98,1,0.0496,0.000334,0.813,0.152,0.238,139.954,audio_features,1OleEhYr0w4EM9PRzIUmeu,spotify:track:1OleEhYr0w4EM9PRzIUmeu,https://api.spotify.com/v1/tracks/1OleEhYr0w4EM9PRzIUmeu,https://api.spotify.com/v1/audio-analysis/1OleEhYr0w4EM9PRzIUmeu,298000,4
0.774,0.855,4,-6.555,0,0.0877,0.000102,0.921,0.0863,0.0381,136.016,audio_features,4avC06Nc3pIqNgfAPzud2O,spotify:track:4avC06Nc3pIqNgfAPzud2O,https://api.spotify.com/v1/tracks/4avC06Nc3pIqNgfAPzud2O,https://api.spotify.com/v1/audio-analysis/4avC06Nc3pIqNgfAPzud2O,312353,4
0.782,0.888,5,-7.869,1,0.0428,0.00121,0.939,0.108,0.0486,137.015,audio_features,54bSvAqUSPdLWf5yNKI7Q7,spotify:track:54bSvAqUSPdLWf5yNKI7Q7,https://api.spotify.com/v1/tracks/54bSvAqUSPdLWf5yNKI7Q7,https://api.spotify.com/v1/audio-analysis/54bSvAqUSPdLWf5yNKI7Q7,307059,4
0.781,0.623,1,-8.814,1,0.072,0.00124,0.928,0.107,0.288,136.029,audio_features,7EPqIztFxaRHPhcGflmmtk,spotify:track:7EPqIztFxaRHPhcGflmmtk,https://api.spotify.com/v1/tracks/7EPqIztFxaRHPhcGflmmtk,https://api.spotify.com/v1/audio-analysis/7EPqIztFxaRHPhcGflmmtk,282353,4
0.778,0.88,4,-7.829,0,0.0394,4.98e-05,0.959,0.108,0.0387,137.014,audio_features,6GNdahBRj8IRdRLWttMDu7,spotify:track:6GNdahBRj8IRdRLWttMDu7,https://api.spotify.com/v1/tracks/6GNdahBRj8IRdRLWttMDu7,https://api.spotify.com/v1/audio-analysis/6GNdahBRj8IRdRLWttMDu7,307059,4
0.742,0.505,5,-12.552,1,0.15,0.51,0.836,0.113,0.17,196.0,audio_features,1ab5BEbEdVBlE8HE44eB2w,spotify:track:1ab5BEbEdVBlE8HE44eB2w,https://api.spotify.com/v1/tracks/1ab5BEbEdVBlE8HE44eB2w,https://api.spotify.com/v1/audio-analysis/1ab5BEbEdVBlE8HE44eB2w,315918,4
0.644,0.857,0,-13.06,0,0.0429,0.0099,0.787,0.0503,0.532,128.006,audio_features,6VAXS1En6WqGTJdYtSU9iY,spotify:track:6VAXS1En6WqGTJdYtSU9iY,https://api.spotify.com/v1/tracks/6VAXS1En6WqGTJdYtSU9iY,https://api.spotify.com/v1/audio-analysis/6VAXS1En6WqGTJdYtSU9iY,456094,4
0.773,0.98,2,-11.268,1,0.0679,0.0119,0.899,0.0632,0.311,141.997,audio_features,3xLv0rZ2VFbxscZk8QADDa,spotify:track:3xLv0rZ2VFbxscZk8QADDa,https://api.spotify.com/v1/tracks/3xLv0rZ2VFbxscZk8QADDa,https://api.spotify.com/v1/audio-analysis/3xLv0rZ2VFbxscZk8QADDa,354341,4
0.642,0.837,11,-11.869,0,0.0601,0.0463,0.885,0.088,0.516,151.992,audio_features,2AyuYkIMrpfJwExwW3HL9T,spotify:track:2AyuYkIMrpfJwExwW3HL9T,https://api.spotify.com/v1/tracks/2AyuYkIMrpfJwExwW3HL9T,https://api.spotify.com/v1/audio-analysis/2AyuYkIMrpfJwExwW3HL9T,318387,4
0.716,0.553,2,-12.48,1,0.0664,0.0187,0.932,0.081,0.107,104.006,audio_features,4S8KKXMOZgtY97XjOO4su2,spotify:track:4S8KKXMOZgtY97XjOO4su2,https://api.spotify.com/v1/tracks/4S8KKXMOZgtY97XjOO4su2,https://api.spotify.com/v1/audio-analysis/4S8KKXMOZgtY97XjOO4su2,392308,4
0.649,0.657,2,-11.572,1,0.0416,0.0153,0.906,0.0909,0.079,120.015,audio_features,2Ux5CGjTbNBLGSryGYWMD8,spotify:track:2Ux5CGjTbNBLGSryGYWMD8,https://api.spotify.com/v1/tracks/2Ux5CGjTbNBLGSryGYWMD8,https://api.spotify.com/v1/audio-analysis/2Ux5CGjTbNBLGSryGYWMD8,530500,4
0.766,0.86,5,-11.854,0,0.0546,0.00137,0.78,0.0427,0.215,136.013,audio_features,7imdBBUwjlvYwsHwE0YIsK,spotify:track:7imdBBUwjlvYwsHwE0YIsK,https://api.spotify.com/v1/tracks/7imdBBUwjlvYwsHwE0YIsK,https://api.spotify.com/v1/audio-analysis/7imdBBUwjlvYwsHwE0YIsK,368824,4
0.337,0.4,7,-16.27,1,0.0563,0.926,0.749,0.151,0.0383,149.898,audio_features,1veXHV0O9tBcEetdYSBGqJ,spotify:track:1veXHV0O9tBcEetdYSBGqJ,https://api.spotify.com/v1/tracks/1veXHV0O9tBcEetdYSBGqJ,https://api.spotify.com/v1/audio-analysis/1veXHV0O9tBcEetdYSBGqJ,291000,3
0.729,0.909,11,-8.198,0,0.0448,0.00477,0.9,0.115,0.0766,132.002,audio_features,6Keuzqp7zLRAja3OpE4IbQ,spotify:track:6Keuzqp7zLRAja3OpE4IbQ,https://api.spotify.com/v1/tracks/6Keuzqp7zLRAja3OpE4IbQ,https://api.spotify.com/v1/audio-analysis/6Keuzqp7zLRAja3OpE4IbQ,338606,4
0.698,0.724,0,-8.175,1,0.0531,0.0248,0.88,0.0995,0.0388,132.005,audio_features,0w9YMLdcCvTaGcCsSUae0T,spotify:track:0w9YMLdcCvTaGcCsSUae0T,https://api.spotify.com/v1/tracks/0w9YMLdcCvTaGcCsSUae0T,https://api.spotify.com/v1/audio-analysis/0w9YMLdcCvTaGcCsSUae0T,312810,4
0.68,0.806,11,-9.164,1,0.0476,0.00271,0.793,0.122,0.615,139.999,audio_features,7s12v8WY72vTwpbBGjCrN3,spotify:track:7s12v8WY72vTwpbBGjCrN3,https://api.spotify.com/v1/tracks/7s12v8WY72vTwpbBGjCrN3,https://api.spotify.com/v1/audio-analysis/7s12v8WY72vTwpbBGjCrN3,306857,4
0.748,0.946,2,-9.294,1,0.0396,0.00228,0.877,0.107,0.0676,126.008,audio_features,0YG4ikS7CFZkkkGb2dRzNA,spotify:track:0YG4ikS7CFZkkkGb2dRzNA,https://api.spotify.com/v1/tracks/0YG4ikS7CFZkkkGb2dRzNA,https://api.spotify.com/v1/audio-analysis/0YG4ikS7CFZkkkGb2dRzNA,440814,4
0.441,0.598,6,-13.066,0,0.0659,0.00979,0.945,0.105,0.503,138.086,audio_features,5W9agjZMdYy8nlZoYYj0XU,spotify:track:5W9agjZMdYy8nlZoYYj0XU,https://api.spotify.com/v1/tracks/5W9agjZMdYy8nlZoYYj0XU,https://api.spotify.com/v1/audio-analysis/5W9agjZMdYy8nlZoYYj0XU,283373,4
0.546,0.739,9,-11.719,0,0.0555,0.0127,0.805,0.136,0.236,132.068,audio_features,04u6KuqLZeByLS1e97leFr,spotify:track:04u6KuqLZeByLS1e97leFr,https://api.spotify.com/v1/tracks/04u6KuqLZeByLS1e97leFr,https://api.spotify.com/v1/audio-analysis/04u6KuqLZeByLS1e97leFr,330284,4
0.646,0.699,1,-12.258,1,0.0484,0.0133,0.893,0.105,0.303,141.982,audio_features,796eBkwuHkX8LIe8o6zoeM,spotify:track:796eBkwuHkX8LIe8o6zoeM,https://api.spotify.com/v1/tracks/796eBkwuHkX8LIe8o6zoeM,https://api.spotify.com/v1/audio-analysis/796eBkwuHkX8LIe8o6zoeM,287185,4
0.55,0.739,0,-11.147,1,0.034,0.0104,0.861,0.152,0.163,138.006,audio_features,2I2KHUmEMDQ2ALsiLSWmvd,spotify:track:2I2KHUmEMDQ2ALsiLSWmvd,https://api.spotify.com/v1/tracks/2I2KHUmEMDQ2ALsiLSWmvd,https://api.spotify.com/v1/audio-analysis/2I2KHUmEMDQ2ALsiLSWmvd,339500,4
0.487,0.828,2,-10.29,1,0.0402,0.000569,0.868,0.233,0.136,128.021,audio_features,3u0sBK1oAbxnHuuqY6zLTY,spotify:track:3u0sBK1oAbxnHuuqY6zLTY,https://api.spotify.com/v1/tracks/3u0sBK1oAbxnHuuqY6zLTY,https://api.spotify.com/v1/audio-analysis/3u0sBK1oAbxnHuuqY6zLTY,307876,4
0.75,0.673,10,-14.498,1,0.0595,0.00472,0.901,0.116,0.14,130.003,audio_features,3zB7bVfgTyjrBnNZmf23ae,spotify:track:3zB7bVfgTyjrBnNZmf23ae,https://api.spotify.com/v1/tracks/3zB7bVfgTyjrBnNZmf23ae,https://api.spotify.com/v1/audio-analysis/3zB7bVfgTyjrBnNZmf23ae,372874,4
0.765,0.853,11,-8.322,0,0.0776,0.0888,0.838,0.101,0.038,133.999,audio_features,69jtKDPy8oXIJrqQbg0UDI,spotify:track:69jtKDPy8oXIJrqQbg0UDI,https://api.spotify.com/v1/tracks/69jtKDPy8oXIJrqQbg0UDI,https://api.spotify.com/v1/audio-analysis/69jtKDPy8oXIJrqQbg0UDI,338511,4
0.648,0.569,11,-10.433,0,0.0384,0.0704,0.863,0.0945,0.153,133.917,audio_features,1nD2eJtyrN7IOnGVIvdJ8d,spotify:track:1nD2eJtyrN7IOnGVIvdJ8d,https://api.spotify.com/v1/tracks/1nD2eJtyrN7IOnGVIvdJ8d,https://api.spotify.com/v1/audio-analysis/1nD2eJtyrN7IOnGVIvdJ8d,369249,4
0.694,0.884,0,-11.617,1,0.0661,0.0178,0.873,0.111,0.805,134.002,audio_features,1xA7XZzinOriT0eHA39fYR,spotify:track:1xA7XZzinOriT0eHA39fYR,https://api.spotify.com/v1/tracks/1xA7XZzinOriT0eHA39fYR,https://api.spotify.com/v1/audio-analysis/1xA7XZzinOriT0eHA39fYR,357710,4
0.749,0.871,0,-7.526,0,0.0435,0.000113,0.86,0.109,0.226,145.991,audio_features,1OMzDNa8XPcc7ry1lHY0JB,spotify:track:1OMzDNa8XPcc7ry1lHY0JB,https://api.spotify.com/v1/tracks/1OMzDNa8XPcc7ry1lHY0JB,https://api.spotify.com/v1/audio-analysis/1OMzDNa8XPcc7ry1lHY0JB,437260,4
0.493,0.592,7,-13.785,1,0.0757,0.016,0.773,0.0703,0.299,192.003,audio_features,29OT2Z3wFP9dHbCkVTrTGA,spotify:track:29OT2Z3wFP9dHbCkVTrTGA,https://api.spotify.com/v1/tracks/29OT2Z3wFP9dHbCkVTrTGA,https://api.spotify.com/v1/audio-analysis/29OT2Z3wFP9dHbCkVTrTGA,322031,4
0.696,0.977,1,-6.205,0,0.145,0.000323,0.84,0.134,0.0321,128.027,audio_features,32bbYyIM5pEBIMEXgYcTrh,spotify:track:32bbYyIM5pEBIMEXgYcTrh,https://api.spotify.com/v1/tracks/32bbYyIM5pEBIMEXgYcTrh,https://api.spotify.com/v1/audio-analysis/32bbYyIM5pEBIMEXgYcTrh,454747,4
0.591,0.941,1,-6.567,1,0.059,0.000692,0.818,0.0902,0.075,130.006,audio_features,0I5GWCG7hGkfq4efB5wWl8,spotify:track:0I5GWCG7hGkfq4efB5wWl8,https://api.spotify.com/v1/tracks/0I5GWCG7hGkfq4efB5wWl8,https://api.spotify.com/v1/audio-analysis/0I5GWCG7hGkfq4efB5wWl8,388680,4
0.646,0.937,7,-9.007,1,0.0498,0.000881,0.399,0.106,0.677,125.995,audio_features,36qBEWI66VcB7MdnS9nIuM,spotify:track:36qBEWI66VcB7MdnS9nIuM,https://api.spotify.com/v1/tracks/36qBEWI66VcB7MdnS9nIuM,https://api.spotify.com/v1/audio-analysis/36qBEWI66VcB7MdnS9nIuM,297436,4
0.768,0.853,7,-10.618,0,0.0375,0.00408,0.602,0.107,0.767,126.004,audio_features,5wAo9QTLppPX6bJBlSL6rh,spotify:track:5wAo9QTLppPX6bJBlSL6rh,https://api.spotify.com/v1/tracks/5wAo9QTLppPX6bJBlSL6rh,https://api.spotify.com/v1/audio-analysis/5wAo9QTLppPX6bJBlSL6rh,324727,4
0.287,0.688,1,-9.076,0,0.0506,0.0304,0.925,0.276,0.247,134.986,audio_features,5wZaKN89l9Atmz7UvBbroV,spotify:track:5wZaKN89l9Atmz7UvBbroV,https://api.spotify.com/v1/tracks/5wZaKN89l9Atmz7UvBbroV,https://api.spotify.com/v1/audio-analysis/5wZaKN89l9Atmz7UvBbroV,277600,4
0.549,0.86,5,-7.952,0,0.0341,0.0952,0.972,0.1,0.415,135.0,audio_features,5ZBkvkZRkqpn3Vf4naaIyz,spotify:track:5ZBkvkZRkqpn3Vf4naaIyz,https://api.spotify.com/v1/tracks/5ZBkvkZRkqpn3Vf4naaIyz,https://api.spotify.com/v1/audio-analysis/5ZBkvkZRkqpn3Vf4naaIyz,307773,4
0.36,0.749,10,-9.376,1,0.0584,0.614,0.941,0.916,0.14,81.014,audio_features,4jDp8yN8oBkmLRbhbQMqlJ,spotify:track:4jDp8yN8oBkmLRbhbQMqlJ,https://api.spotify.com/v1/tracks/4jDp8yN8oBkmLRbhbQMqlJ,https://api.spotify.com/v1/audio-analysis/4jDp8yN8oBkmLRbhbQMqlJ,312680,4
0.158,0.33,1,-14.888,1,0.0378,0.458,0.907,0.113,0.127,142.402,audio_features,2fngVkfBvHQdCsNu61Lcok,spotify:track:2fngVkfBvHQdCsNu61Lcok,https://api.spotify.com/v1/tracks/2fngVkfBvHQdCsNu61Lcok,https://api.spotify.com/v1/audio-analysis/2fngVkfBvHQdCsNu61Lcok,113187,4
0.562,0.862,1,-9.861,1,0.061,0.00987,0.825,0.158,0.0376,109.987,audio_features,6PCuyUbHYlZnjlRFDqfDRh,spotify:track:6PCuyUbHYlZnjlRFDqfDRh,https://api.spotify.com/v1/tracks/6PCuyUbHYlZnjlRFDqfDRh,https://api.spotify.com/v1/audio-analysis/6PCuyUbHYlZnjlRFDqfDRh,424373,4
0.571,0.977,2,-8.772,1,0.0533,0.0231,0.843,0.0856,0.643,140.009,audio_features,5bHT04FUYvtLHrLQ6K0J8D,spotify:track:5bHT04FUYvtLHrLQ6K0J8D,https://api.spotify.com/v1/tracks/5bHT04FUYvtLHrLQ6K0J8D,https://api.spotify.com/v1/audio-analysis/5bHT04FUYvtLHrLQ6K0J8D,292627,4
0.37,0.635,0,-10.864,1,0.0376,0.0136,0.732,0.425,0.195,170.018,audio_features,2vTV433QcYaW1z0bABS0qz,spotify:track:2vTV433QcYaW1z0bABS0qz,https://api.spotify.com/v1/tracks/2vTV433QcYaW1z0bABS0qz,https://api.spotify.com/v1/audio-analysis/2vTV433QcYaW1z0bABS0qz,295773,4
0.546,0.777,4,-12.784,0,0.0363,0.00314,0.82,0.29,0.0607,132.005,audio_features,523NchftyD3SBT9LqGlAFN,spotify:track:523NchftyD3SBT9LqGlAFN,https://api.spotify.com/v1/tracks/523NchftyD3SBT9LqGlAFN,https://api.spotify.com/v1/audio-analysis/523NchftyD3SBT9LqGlAFN,398000,4
0.0978,0.364,2,-12.72,1,0.0345,0.137,0.942,0.0872,0.0348,89.201,audio_features,3Yz8x4RbQdHy8cRUDGKaCq,spotify:track:3Yz8x4RbQdHy8cRUDGKaCq,https://api.spotify.com/v1/tracks/3Yz8x4RbQdHy8cRUDGKaCq,https://api.spotify.com/v1/audio-analysis/3Yz8x4RbQdHy8cRUDGKaCq,377013,4
0.106,0.333,7,-17.819,1,0.0362,0.794,0.921,0.103,0.0993,89.68,audio_features,3C8fLdC77IG7L6TKeBDNSq,spotify:track:3C8fLdC77IG7L6TKeBDNSq,https://api.spotify.com/v1/tracks/3C8fLdC77IG7L6TKeBDNSq,https://api.spotify.com/v1/audio-analysis/3C8fLdC77IG7L6TKeBDNSq,376957,4
0.724,0.616,10,-5.028,0,0.0493,8.85e-05,0.861,0.108,0.503,128.02,audio_features,70BVqXGk3ipo7TOiyrnzud,spotify:track:70BVqXGk3ipo7TOiyrnzud,https://api.spotify.com/v1/tracks/70BVqXGk3ipo7TOiyrnzud,https://api.spotify.com/v1/audio-analysis/70BVqXGk3ipo7TOiyrnzud,210000,4
0.599,0.91,6,-7.403,0,0.107,0.000116,0.876,0.15,0.11,128.02,audio_features,3MZHllv4rhpBnoOSoD1Mqe,spotify:track:3MZHllv4rhpBnoOSoD1Mqe,https://api.spotify.com/v1/tracks/3MZHllv4rhpBnoOSoD1Mqe,https://api.spotify.com/v1/audio-analysis/3MZHllv4rhpBnoOSoD1Mqe,428171,3
0.615,0.952,2,-6.608,1,0.0648,0.00103,0.892,0.0999,0.082,136.046,audio_features,06cLXftBG4Vx6q07m53E1t,spotify:track:06cLXftBG4Vx6q07m53E1t,https://api.spotify.com/v1/tracks/06cLXftBG4Vx6q07m53E1t,https://api.spotify.com/v1/audio-analysis/06cLXftBG4Vx6q07m53E1t,324706,4
0.639,0.99,4,-6.108,0,0.0519,0.152,0.897,0.107,0.776,128.009,audio_features,0TwiKyrgJ7dRykmg5jpjHH,spotify:track:0TwiKyrgJ7dRykmg5jpjHH,https://api.spotify.com/v1/tracks/0TwiKyrgJ7dRykmg5jpjHH,https://api.spotify.com/v1/audio-analysis/0TwiKyrgJ7dRykmg5jpjHH,181922,4
0.673,0.921,11,-8.063,0,0.0787,0.00142,0.17,0.0962,0.824,170.031,audio_features,5ixqohx8dq1rZSM5UIDwd3,spotify:track:5ixqohx8dq1rZSM5UIDwd3,https://api.spotify.com/v1/tracks/5ixqohx8dq1rZSM5UIDwd3,https://api.spotify.com/v1/audio-analysis/5ixqohx8dq1rZSM5UIDwd3,183658,4
0.732,0.976,1,-7.773,1,0.0712,3.68e-05,0.869,0.108,0.6,155.018,audio_features,5CWzJVOBD9J79yleJYWXBH,spotify:track:5CWzJVOBD9J79yleJYWXBH,https://api.spotify.com/v1/tracks/5CWzJVOBD9J79yleJYWXBH,https://api.spotify.com/v1/audio-analysis/5CWzJVOBD9J79yleJYWXBH,349178,4
0.619,0.996,1,-4.904,1,0.102,0.000171,0.6,0.171,0.817,159.981,audio_features,6O0Z15W4vN9KcWJcvqRu8J,spotify:track:6O0Z15W4vN9KcWJcvqRu8J,https://api.spotify.com/v1/tracks/6O0Z15W4vN9KcWJcvqRu8J,https://api.spotify.com/v1/audio-analysis/6O0Z15W4vN9KcWJcvqRu8J,362250,4
0.757,0.938,11,-5.749,1,0.0642,2.67e-05,0.936,0.0733,0.125,144.996,audio_features,5Inko76DSgc9Ls9sHFAfnl,spotify:track:5Inko76DSgc9Ls9sHFAfnl,https://api.spotify.com/v1/tracks/5Inko76DSgc9Ls9sHFAfnl,https://api.spotify.com/v1/audio-analysis/5Inko76DSgc9Ls9sHFAfnl,372239,4
0.771,0.995,7,-5.321,1,0.0776,0.000163,0.936,0.0931,0.0666,143.001,audio_features,7wcZowVxd0quElVAlzMjcg,spotify:track:7wcZowVxd0quElVAlzMjcg,https://api.spotify.com/v1/tracks/7wcZowVxd0quElVAlzMjcg,https://api.spotify.com/v1/audio-analysis/7wcZowVxd0quElVAlzMjcg,349650,4
0.666,0.964,7,-7.804,1,0.0529,0.000384,0.815,0.101,0.806,134.987,audio_features,3S3UQpc9k18zwl90vMS0uA,spotify:track:3S3UQpc9k18zwl90vMS0uA,https://api.spotify.com/v1/tracks/3S3UQpc9k18zwl90vMS0uA,https://api.spotify.com/v1/audio-analysis/3S3UQpc9k18zwl90vMS0uA,318253,4
0.803,0.692,7,-11.32,1,0.0678,0.0268,0.773,0.157,0.495,126.007,audio_features,1h1GycfpbcfpCi87iwuhh3,spotify:track:1h1GycfpbcfpCi87iwuhh3,https://api.spotify.com/v1/tracks/1h1GycfpbcfpCi87iwuhh3,https://api.spotify.com/v1/audio-analysis/1h1GycfpbcfpCi87iwuhh3,295630,4
0.595,0.844,1,-8.05,1,0.052,0.000106,0.515,0.1,0.262,130.984,audio_features,56wpfdcyKU88XKTFV5Tq0R,spotify:track:56wpfdcyKU88XKTFV5Tq0R,https://api.spotify.com/v1/tracks/56wpfdcyKU88XKTFV5Tq0R,https://api.spotify.com/v1/audio-analysis/56wpfdcyKU88XKTFV5Tq0R,322457,4
0.61,0.817,1,-8.592,1,0.0479,4.58e-05,0.719,0.0992,0.17,131.012,audio_features,2uhKeP0lYD8TUlJIOjJ0eN,spotify:track:2uhKeP0lYD8TUlJIOjJ0eN,https://api.spotify.com/v1/tracks/2uhKeP0lYD8TUlJIOjJ0eN,https://api.spotify.com/v1/audio-analysis/2uhKeP0lYD8TUlJIOjJ0eN,425917,4
0.684,0.848,7,-8.04,1,0.0451,0.000118,0.905,0.125,0.237,139.981,audio_features,0C7TKUi4Tjfept2pkesS1e,spotify:track:0C7TKUi4Tjfept2pkesS1e,https://api.spotify.com/v1/tracks/0C7TKUi4Tjfept2pkesS1e,https://api.spotify.com/v1/audio-analysis/0C7TKUi4Tjfept2pkesS1e,294857,4
0.7,0.862,1,-8.434,1,0.0553,0.000114,0.939,0.0346,0.456,139.993,audio_features,6FohMf7tim4EKslVqCB4y1,spotify:track:6FohMf7tim4EKslVqCB4y1,https://api.spotify.com/v1/tracks/6FohMf7tim4EKslVqCB4y1,https://api.spotify.com/v1/audio-analysis/6FohMf7tim4EKslVqCB4y1,237397,4
0.717,0.99,10,-7.179,0,0.0682,2.08e-05,0.928,0.105,0.0386,129.01,audio_features,5dHB08ZvINyC2Qa0D4nBfT,spotify:track:5dHB08ZvINyC2Qa0D4nBfT,https://api.spotify.com/v1/tracks/5dHB08ZvINyC2Qa0D4nBfT,https://api.spotify.com/v1/audio-analysis/5dHB08ZvINyC2Qa0D4nBfT,312558,4
0.515,0.97,7,-6.782,1,0.0482,0.000221,0.835,0.0896,0.31,134.997,audio_features,3EdqsQhgHfL5flGckIFukU,spotify:track:3EdqsQhgHfL5flGckIFukU,https://api.spotify.com/v1/tracks/3EdqsQhgHfL5flGckIFukU,https://api.spotify.com/v1/audio-analysis/3EdqsQhgHfL5flGckIFukU,336182,4
0.74,0.811,1,-8.314,1,0.0627,0.000952,0.507,0.0509,0.056,132.003,audio_features,1WNhiyuCWcpz86TRFokUFN,spotify:track:1WNhiyuCWcpz86TRFokUFN,https://api.spotify.com/v1/tracks/1WNhiyuCWcpz86TRFokUFN,https://api.spotify.com/v1/audio-analysis/1WNhiyuCWcpz86TRFokUFN,363636,4
0.544,0.897,1,-5.118,1,0.0586,0.0886,0.886,0.131,0.399,129.984,audio_features,191DgkTciPApBw1NXYuxhn,spotify:track:191DgkTciPApBw1NXYuxhn,https://api.spotify.com/v1/tracks/191DgkTciPApBw1NXYuxhn,https://api.spotify.com/v1/audio-analysis/191DgkTciPApBw1NXYuxhn,306462,4
0.628,0.969,1,-6.741,1,0.0549,0.349,0.903,0.123,0.326,135.971,audio_features,4vRbF61ZzhuTeDrJtFJiGt,spotify:track:4vRbF61ZzhuTeDrJtFJiGt,https://api.spotify.com/v1/tracks/4vRbF61ZzhuTeDrJtFJiGt,https://api.spotify.com/v1/audio-analysis/4vRbF61ZzhuTeDrJtFJiGt,270000,4
0.694,0.938,2,-6.395,1,0.0667,0.00801,0.931,0.0955,0.735,132.989,audio_features,1sILb1qISLj3UdZScLjdU9,spotify:track:1sILb1qISLj3UdZScLjdU9,https://api.spotify.com/v1/tracks/1sILb1qISLj3UdZScLjdU9,https://api.spotify.com/v1/audio-analysis/1sILb1qISLj3UdZScLjdU9,288722,4
0.661,0.936,4,-3.401,1,0.0505,0.102,0.959,0.0954,0.443,129.996,audio_features,1DgGxPhoDS0jF8sO0X9lng,spotify:track:1DgGxPhoDS0jF8sO0X9lng,https://api.spotify.com/v1/tracks/1DgGxPhoDS0jF8sO0X9lng,https://api.spotify.com/v1/audio-analysis/1DgGxPhoDS0jF8sO0X9lng,310154,4
0.813,0.727,2,-5.532,1,0.0497,0.00157,0.795,0.0896,0.218,129.999,audio_features,6hQMpiM6J5pmsjnW72RHya,spotify:track:6hQMpiM6J5pmsjnW72RHya,https://api.spotify.com/v1/tracks/6hQMpiM6J5pmsjnW72RHya,https://api.spotify.com/v1/audio-analysis/6hQMpiM6J5pmsjnW72RHya,354462,4
0.733,0.945,1,-9.938,1,0.0326,0.0156,0.903,0.101,0.332,124.998,audio_features,7ooSRbTulJUUtatq4pl80X,spotify:track:7ooSRbTulJUUtatq4pl80X,https://api.spotify.com/v1/tracks/7ooSRbTulJUUtatq4pl80X,https://api.spotify.com/v1/audio-analysis/7ooSRbTulJUUtatq4pl80X,403748,4
0.689,0.769,1,-11.9,1,0.0452,0.00989,0.905,0.113,0.329,124.993,audio_features,2zjc537hQVWXoT0NeBPNP7,spotify:track:2zjc537hQVWXoT0NeBPNP7,https://api.spotify.com/v1/tracks/2zjc537hQVWXoT0NeBPNP7,https://api.spotify.com/v1/audio-analysis/2zjc537hQVWXoT0NeBPNP7,438561,4
0.72,0.622,7,-10.264,1,0.0442,0.12,0.897,0.12,0.0898,123.988,audio_features,4LLum17QrA6snZt1vuRnLr,spotify:track:4LLum17QrA6snZt1vuRnLr,https://api.spotify.com/v1/tracks/4LLum17QrA6snZt1vuRnLr,https://api.spotify.com/v1/audio-analysis/4LLum17QrA6snZt1vuRnLr,422508,4
0.666,0.641,7,-13.067,1,0.0428,0.117,0.908,0.107,0.0346,120.999,audio_features,52ynPJ1XT87KxK8Jzmk3lI,spotify:track:52ynPJ1XT87KxK8Jzmk3lI,https://api.spotify.com/v1/tracks/52ynPJ1XT87KxK8Jzmk3lI,https://api.spotify.com/v1/audio-analysis/52ynPJ1XT87KxK8Jzmk3lI,417680,4
0.683,0.977,2,-12.455,0,0.0429,0.506,0.829,0.118,0.0427,125.014,audio_features,7847PRJQQiWZxY8CHd60ts,spotify:track:7847PRJQQiWZxY8CHd60ts,https://api.spotify.com/v1/tracks/7847PRJQQiWZxY8CHd60ts,https://api.spotify.com/v1/audio-analysis/7847PRJQQiWZxY8CHd60ts,403584,4
0.791,0.569,6,-9.639,0,0.0841,0.00156,0.759,0.0765,0.229,129.997,audio_features,4Ioy4cz1Nhu4dLvQBikkUK,spotify:track:4Ioy4cz1Nhu4dLvQBikkUK,https://api.spotify.com/v1/tracks/4Ioy4cz1Nhu4dLvQBikkUK,https://api.spotify.com/v1/audio-analysis/4Ioy4cz1Nhu4dLvQBikkUK,414548,4
0.899,0.328,4,-10.096,0,0.159,0.0117,0.755,0.092,0.0617,135.515,audio_features,0fx51GgiPaVzf40kMehIpI,spotify:track:0fx51GgiPaVzf40kMehIpI,https://api.spotify.com/v1/tracks/0fx51GgiPaVzf40kMehIpI,https://api.spotify.com/v1/audio-analysis/0fx51GgiPaVzf40kMehIpI,383817,4
0.772,0.725,11,-7.51,0,0.0581,0.0322,0.769,0.179,0.618,131.991,audio_features,5R1hz0BfvFYvaohVIzpadG,spotify:track:5R1hz0BfvFYvaohVIzpadG,https://api.spotify.com/v1/tracks/5R1hz0BfvFYvaohVIzpadG,https://api.spotify.com/v1/audio-analysis/5R1hz0BfvFYvaohVIzpadG,415216,4
0.685,0.755,7,-9.163,1,0.0681,0.00279,0.922,0.104,0.181,132.052,audio_features,2ilhr3voerl3a5BCQ3lJNd,spotify:track:2ilhr3voerl3a5BCQ3lJNd,https://api.spotify.com/v1/tracks/2ilhr3voerl3a5BCQ3lJNd,https://api.spotify.com/v1/audio-analysis/2ilhr3voerl3a5BCQ3lJNd,280563,4
0.683,0.77,11,-6.641,0,0.0512,0.0988,0.896,0.379,0.527,126.006,audio_features,7dDLAQ1y0qOq3E4DhNh8FS,spotify:track:7dDLAQ1y0qOq3E4DhNh8FS,https://api.spotify.com/v1/tracks/7dDLAQ1y0qOq3E4DhNh8FS,https://api.spotify.com/v1/audio-analysis/7dDLAQ1y0qOq3E4DhNh8FS,186727,4
0.544,0.965,7,-6.843,1,0.0327,0.00218,0.463,0.331,0.193,125.005,audio_features,3yXZjNOdFq2XRSQahvZdIe,spotify:track:3yXZjNOdFq2XRSQahvZdIe,https://api.spotify.com/v1/tracks/3yXZjNOdFq2XRSQahvZdIe,https://api.spotify.com/v1/audio-analysis/3yXZjNOdFq2XRSQahvZdIe,221500,4
0.545,0.96,5,-6.149,1,0.0408,0.00687,0.746,0.133,0.171,127.023,audio_features,7HjHQCQ8xyOQ3F7qRI3fFE,spotify:track:7HjHQCQ8xyOQ3F7qRI3fFE,https://api.spotify.com/v1/tracks/7HjHQCQ8xyOQ3F7qRI3fFE,https://api.spotify.com/v1/audio-analysis/7HjHQCQ8xyOQ3F7qRI3fFE,223250,4
0.675,0.911,8,-7.323,1,0.105,0.0079,0.0119,0.0637,0.222,129.948,audio_features,1szSSU8bl5WB5DJIjNCSc2,spotify:track:1szSSU8bl5WB5DJIjNCSc2,https://api.spotify.com/v1/tracks/1szSSU8bl5WB5DJIjNCSc2,https://api.spotify.com/v1/audio-analysis/1szSSU8bl5WB5DJIjNCSc2,194125,4
0.561,0.714,7,-7.53,1,0.0457,0.0151,0.881,0.0972,0.187,130.991,audio_features,6sthFxQBncROsN35v11Lem,spotify:track:6sthFxQBncROsN35v11Lem,https://api.spotify.com/v1/tracks/6sthFxQBncROsN35v11Lem,https://api.spotify.com/v1/audio-analysis/6sthFxQBncROsN35v11Lem,211750,4
