danceability,energy,key,loudness,mode,speechiness,acousticness,instrumentalness,liveness,valence,tempo,type,id,uri,track_href,analysis_url,duration_ms,time_signature,artists,titles
0.788,0.859,2,-2.724,1,0.0856,0.281,0.0,0.0424,0.822,141.02,audio_features,50nfwKoDiSYg8zOCREWAm5,spotify:track:50nfwKoDiSYg8zOCREWAm5,https://api.spotify.com/v1/tracks/50nfwKoDiSYg8zOCREWAm5,https://api.spotify.com/v1/audio-analysis/50nfwKoDiSYg8zOCREWAm5,207853,4,Ed Sheeran,Shivers
0.604,0.741,2,-5.571,1,0.0475,0.178,3.49e-05,0.409,0.473,153.947,audio_features,5dPz35akJjPqb17yeqNwqH,spotify:track:5dPz35akJjPqb17yeqNwqH,https://api.spotify.com/v1/tracks/5dPz35akJjPqb17yeqNwqH,https://api.spotify.com/v1/audio-analysis/5dPz35akJjPqb17yeqNwqH,153190,4,Justin Bieber,Ghost
0.604,0.366,5,-7.519,1,0.0282,0.578,0.0,0.133,0.13,141.981,audio_features,0gplL1WMoJ6iYaPgMCL0gX,spotify:track:0gplL1WMoJ6iYaPgMCL0gX,https://api.spotify.com/v1/tracks/0gplL1WMoJ6iYaPgMCL0gX,https://api.spotify.com/v1/audio-analysis/0gplL1WMoJ6iYaPgMCL0gX,224695,4,Adele,Easy On Me
0.563,0.664,9,-5.044,1,0.154,0.335,0.0,0.0849,0.688,166.928,audio_features,4ZtFanR9U6ndgddUvNcjcG,spotify:track:4ZtFanR9U6ndgddUvNcjcG,https://api.spotify.com/v1/tracks/4ZtFanR9U6ndgddUvNcjcG,https://api.spotify.com/v1/audio-analysis/4ZtFanR9U6ndgddUvNcjcG,178147,4,Olivia Rodrigo,good 4 u
0.695,0.54,4,-5.692,1,0.0493,0.299,0.0,0.367,0.415,121.932,audio_features,4fouWK6XVHhzl78KzQ1UjL,spotify:track:4fouWK6XVHhzl78KzQ1UjL,https://api.spotify.com/v1/tracks/4fouWK6XVHhzl78KzQ1UjL,https://api.spotify.com/v1/audio-analysis/4fouWK6XVHhzl78KzQ1UjL,168602,4,GAYLE,abcdefu
0.591,0.764,1,-5.484,1,0.0483,0.0383,0.0,0.103,0.478,169.928,audio_features,5HCyWlXZPP0y6Gqq8TgA20,spotify:track:5HCyWlXZPP0y6Gqq8TgA20,https://api.spotify.com/v1/tracks/5HCyWlXZPP0y6Gqq8TgA20,https://api.spotify.com/v1/audio-analysis/5HCyWlXZPP0y6Gqq8TgA20,141806,4,The Kid LAROI,STAY (with Justin Bieber)
0.807,0.893,11,-3.745,0,0.0347,0.0451,2.79e-05,0.366,0.537,126.011,audio_features,3rmo8F54jFF8OgYsqTxm5d,spotify:track:3rmo8F54jFF8OgYsqTxm5d,https://api.spotify.com/v1/tracks/3rmo8F54jFF8OgYsqTxm5d,https://api.spotify.com/v1/audio-analysis/3rmo8F54jFF8OgYsqTxm5d,230747,4,Ed Sheeran,Bad Habits
0.656,0.627,7,-6.627,0,0.0379,0.343,2.17e-05,0.124,0.481,99.933,audio_features,2TeLIzFBe3hxkPR5FIQZut,spotify:track:2TeLIzFBe3hxkPR5FIQZut,https://api.spotify.com/v1/tracks/2TeLIzFBe3hxkPR5FIQZut,https://api.spotify.com/v1/audio-analysis/2TeLIzFBe3hxkPR5FIQZut,167066,4,Sam Smith,Like I Can
0.588,0.701,9,-6.39,1,0.0402,0.00813,0.0,0.2,0.443,104.988,audio_features,3FeVmId7tL5YN8B7R3imoM,spotify:track:3FeVmId7tL5YN8B7R3imoM,https://api.spotify.com/v1/tracks/3FeVmId7tL5YN8B7R3imoM,https://api.spotify.com/v1/audio-analysis/3FeVmId7tL5YN8B7R3imoM,228000,4,Coldplay,My Universe
0.72,0.79,1,-4.686,1,0.125,0.0383,0.0,0.156,0.755,102.068,audio_features,3BJm2KbylyJuzZjRUFXLBJ,spotify:track:3BJm2KbylyJuzZjRUFXLBJ,https://api.spotify.com/v1/tracks/3BJm2KbylyJuzZjRUFXLBJ,https://api.spotify.com/v1/audio-analysis/3BJm2KbylyJuzZjRUFXLBJ,175427,4,MKTO,Classic
0.761,0.525,11,-6.9,1,0.0944,0.44,6.7e-06,0.0921,0.531,80.87,audio_features,02MWAaffLxlfxAUY7c5dvx,spotify:track:02MWAaffLxlfxAUY7c5dvx,https://api.spotify.com/v1/tracks/02MWAaffLxlfxAUY7c5dvx,https://api.spotify.com/v1/audio-analysis/02MWAaffLxlfxAUY7c5dvx,238805,4,Glass Animals,Heat Waves
0.658,0.634,1,-5.797,0,0.0413,0.0106,0.0,0.132,0.29,139.98,audio_features,4u4NyuceXP7Uzh7XFJKCr1,spotify:track:4u4NyuceXP7Uzh7XFJKCr1,https://api.spotify.com/v1/tracks/4u4NyuceXP7Uzh7XFJKCr1,https://api.spotify.com/v1/audio-analysis/4u4NyuceXP7Uzh7XFJKCr1,170813,4,Justin Bieber,Hold On
0.561,0.431,10,-8.81,1,0.0578,0.768,1.42e-05,0.106,0.137,143.875,audio_features,5wANPM4fQCJwkGd4rN57mH,spotify:track:5wANPM4fQCJwkGd4rN57mH,https://api.spotify.com/v1/tracks/5wANPM4fQCJwkGd4rN57mH,https://api.spotify.com/v1/audio-analysis/5wANPM4fQCJwkGd4rN57mH,242013,4,Olivia Rodrigo,drivers license
0.697,0.683,1,-2.881,0,0.117,0.0372,0.0,0.137,0.603,96.133,audio_features,4Pbg79cTBu4vgSphoyNq3j,spotify:track:4Pbg79cTBu4vgSphoyNq3j,https://api.spotify.com/v1/tracks/4Pbg79cTBu4vgSphoyNq3j,https://api.spotify.com/v1/audio-analysis/4Pbg79cTBu4vgSphoyNq3j,186987,4,Anne-Marie,2002
0.536,0.768,10,-5.948,0,0.0347,0.00433,0.0,0.114,0.545,77.217,audio_features,2Bs4jQEGMycglOfWPBqrVG,spotify:track:2Bs4jQEGMycglOfWPBqrVG,https://api.spotify.com/v1/tracks/2Bs4jQEGMycglOfWPBqrVG,https://api.spotify.com/v1/audio-analysis/2Bs4jQEGMycglOfWPBqrVG,228133,4,One Direction,Steal My Girl
0.702,0.825,6,-3.787,0,0.0601,0.00883,0.0,0.0674,0.915,102.977,audio_features,463CkQjx2Zk1yXoBuierM9,spotify:track:463CkQjx2Zk1yXoBuierM9,https://api.spotify.com/v1/tracks/463CkQjx2Zk1yXoBuierM9,https://api.spotify.com/v1/audio-analysis/463CkQjx2Zk1yXoBuierM9,203064,4,Dua Lipa,Levitating (feat. DaBaby)
0.76,0.703,5,-5.412,1,0.054,0.103,0.0,0.0913,0.57,95.997,audio_features,1u8c2t2Cy7UBoG4ArRcF5g,spotify:track:1u8c2t2Cy7UBoG4ArRcF5g,https://api.spotify.com/v1/tracks/1u8c2t2Cy7UBoG4ArRcF5g,https://api.spotify.com/v1/audio-analysis/1u8c2t2Cy7UBoG4ArRcF5g,231827,4,Taylor Swift,Blank Space
0.578,0.866,1,-3.804,1,0.0619,0.00701,0.0,0.257,0.619,128.038,audio_features,4kbj5MwxO1bq9wjT5g9HaA,spotify:track:4kbj5MwxO1bq9wjT5g9HaA,https://api.spotify.com/v1/tracks/4kbj5MwxO1bq9wjT5g9HaA,https://api.spotify.com/v1/audio-analysis/4kbj5MwxO1bq9wjT5g9HaA,199080,4,WALK THE MOON,Shut Up and Dance
0.649,0.79,9,-5.529,1,0.0482,0.0167,0.0,0.255,0.458,124.993,audio_features,1Vv0MPcooEoQzVZYfKMgKW,spotify:track:1Vv0MPcooEoQzVZYfKMgKW,https://api.spotify.com/v1/tracks/1Vv0MPcooEoQzVZYfKMgKW,https://api.spotify.com/v1/audio-analysis/1Vv0MPcooEoQzVZYfKMgKW,199580,4,G.R.L.,Ugly Heart
0.548,0.816,0,-4.209,1,0.0465,0.122,0.0,0.335,0.557,95.39,audio_features,6UelLqGlWMcVH1E5c4H7lY,spotify:track:6UelLqGlWMcVH1E5c4H7lY,https://api.spotify.com/v1/tracks/6UelLqGlWMcVH1E5c4H7lY,https://api.spotify.com/v1/audio-analysis/6UelLqGlWMcVH1E5c4H7lY,174000,4,Harry Styles,Watermelon Sugar
0.52,0.903,2,-5.497,1,0.042,0.00517,0.0,0.254,0.652,74.988,audio_features,2f0pn9DkEJwAzXApnFh5cr,spotify:track:2f0pn9DkEJwAzXApnFh5cr,https://api.spotify.com/v1/tracks/2f0pn9DkEJwAzXApnFh5cr,https://api.spotify.com/v1/audio-analysis/2f0pn9DkEJwAzXApnFh5cr,219801,4,BANNERS,Someone To You
0.623,0.851,7,-3.111,1,0.0409,0.0228,0.0,0.12,0.4,100.063,audio_features,083Qf6hn6sFL6xiOHlZUyn,spotify:track:083Qf6hn6sFL6xiOHlZUyn,https://api.spotify.com/v1/tracks/083Qf6hn6sFL6xiOHlZUyn,https://api.spotify.com/v1/audio-analysis/083Qf6hn6sFL6xiOHlZUyn,193924,4,Jess Glynne,I'll Be There
0.796,0.798,1,-6.312,1,0.0317,0.034,4.19e-05,0.0952,0.942,116.032,audio_features,6zSpb8dQRaw0M1dK8PBwQz,spotify:track:6zSpb8dQRaw0M1dK8PBwQz,https://api.spotify.com/v1/tracks/6zSpb8dQRaw0M1dK8PBwQz,https://api.spotify.com/v1/audio-analysis/6zSpb8dQRaw0M1dK8PBwQz,202735,4,Elton John,Cold Heart - PNAU Remix
0.654,0.63,10,-4.644,1,0.0259,0.153,0.0,0.111,0.43,89.991,audio_features,2wrJq5XKLnmhRXHIAf9xBa,spotify:track:2wrJq5XKLnmhRXHIAf9xBa,https://api.spotify.com/v1/tracks/2wrJq5XKLnmhRXHIAf9xBa,https://api.spotify.com/v1/audio-analysis/2wrJq5XKLnmhRXHIAf9xBa,167693,4,Dan + Shay,"10,000 Hours (with Justin Bieber)"
0.692,0.809,2,-4.198,1,0.0602,0.524,0.0,0.147,0.864,123.911,audio_features,6LsAAHotRLMOHfCsSfYCsz,spotify:track:6LsAAHotRLMOHfCsSfYCsz,https://api.spotify.com/v1/tracks/6LsAAHotRLMOHfCsSfYCsz,https://api.spotify.com/v1/audio-analysis/6LsAAHotRLMOHfCsSfYCsz,190800,4,Shawn Mendes,If I Can't Have You
0.628,0.676,7,-5.911,1,0.0916,0.00957,2.65e-05,0.121,0.75,85.984,audio_features,0VwNdo84DaVYLIkbVO86ND,spotify:track:0VwNdo84DaVYLIkbVO86ND,https://api.spotify.com/v1/tracks/0VwNdo84DaVYLIkbVO86ND,https://api.spotify.com/v1/audio-analysis/0VwNdo84DaVYLIkbVO86ND,193147,4,Taylor Swift,We Are Never Ever Getting Back Together
0.652,0.698,10,-4.667,0,0.042,0.00112,0.000115,0.0886,0.47,96.021,audio_features,3E7dfMvvCLUddWissuqMwr,spotify:track:3E7dfMvvCLUddWissuqMwr,https://api.spotify.com/v1/tracks/3E7dfMvvCLUddWissuqMwr,https://api.spotify.com/v1/audio-analysis/3E7dfMvvCLUddWissuqMwr,202067,4,Miley Cyrus,Party In The U.S.A.
0.461,0.834,2,-4.868,1,0.0989,0.0232,1.14e-05,0.14,0.471,135.007,audio_features,6PCUP3dWmTjcTtXY02oFdT,spotify:track:6PCUP3dWmTjcTtXY02oFdT,https://api.spotify.com/v1/tracks/6PCUP3dWmTjcTtXY02oFdT,https://api.spotify.com/v1/audio-analysis/6PCUP3dWmTjcTtXY02oFdT,261154,4,Ed Sheeran,Castle on the Hill
0.673,0.886,1,-4.44,0,0.0431,0.185,0.0,0.0826,0.795,97.012,audio_features,4HlFJV71xXKIGcU3kRyttv,spotify:track:4HlFJV71xXKIGcU3kRyttv,https://api.spotify.com/v1/tracks/4HlFJV71xXKIGcU3kRyttv,https://api.spotify.com/v1/audio-analysis/4HlFJV71xXKIGcU3kRyttv,216773,4,Train,"Hey, Soul Sister"
0.774,0.792,10,-4.021,1,0.0523,0.051,0.0,0.155,0.507,122.062,audio_features,3eJH2nAjvNXdmPfBkALiPZ,spotify:track:3eJH2nAjvNXdmPfBkALiPZ,https://api.spotify.com/v1/tracks/3eJH2nAjvNXdmPfBkALiPZ,https://api.spotify.com/v1/audio-analysis/3eJH2nAjvNXdmPfBkALiPZ,139672,4,Jason Derulo,Acapulco
0.459,0.575,3,-4.858,1,0.0573,0.604,0.0,0.0885,0.183,111.881,audio_features,7ce20yLkzuXXLUhzIDoZih,spotify:track:7ce20yLkzuXXLUhzIDoZih,https://api.spotify.com/v1/tracks/7ce20yLkzuXXLUhzIDoZih,https://api.spotify.com/v1/audio-analysis/7ce20yLkzuXXLUhzIDoZih,215107,4,Lewis Capaldi,Before You Go
0.652,0.453,1,-6.119,1,0.0445,0.0507,0.0,0.179,0.432,88.039,audio_features,7DHApOHsIFo7EyfieArYGE,spotify:track:7DHApOHsIFo7EyfieArYGE,https://api.spotify.com/v1/tracks/7DHApOHsIFo7EyfieArYGE,https://api.spotify.com/v1/audio-analysis/7DHApOHsIFo7EyfieArYGE,177391,3,P!nk,Walk Me Home
0.773,0.747,5,-4.061,1,0.0885,0.0242,8.99e-06,0.109,0.801,126.014,audio_features,0ErK6K0kYr0Ow2RkPMhmMs,spotify:track:0ErK6K0kYr0Ow2RkPMhmMs,https://api.spotify.com/v1/tracks/0ErK6K0kYr0Ow2RkPMhmMs,https://api.spotify.com/v1/audio-analysis/0ErK6K0kYr0Ow2RkPMhmMs,246240,4,Little Mix,Shout Out to My Ex
0.622,0.469,3,-6.798,0,0.0363,0.00454,2.25e-06,0.0335,0.679,77.019,audio_features,6FB3v4YcR57y4tXFcdxI1E,spotify:track:6FB3v4YcR57y4tXFcdxI1E,https://api.spotify.com/v1/tracks/6FB3v4YcR57y4tXFcdxI1E,https://api.spotify.com/v1/audio-analysis/6FB3v4YcR57y4tXFcdxI1E,219720,4,Taylor Swift,I Knew You Were Trouble.
0.775,0.327,11,-7.241,1,0.0557,0.841,0.0,0.0821,0.595,91.05,audio_features,4cktbXiXOapiLBMprHFErI,spotify:track:4cktbXiXOapiLBMprHFErI,https://api.spotify.com/v1/tracks/4cktbXiXOapiLBMprHFErI,https://api.spotify.com/v1/audio-analysis/4cktbXiXOapiLBMprHFErI,189486,4,Maroon 5,Memories
0.614,0.934,9,-3.709,0,0.07,0.0697,0.0,0.121,0.436,116.001,audio_features,1KixkQVDUHggZMU9dUobgm,spotify:track:1KixkQVDUHggZMU9dUobgm,https://api.spotify.com/v1/tracks/1KixkQVDUHggZMU9dUobgm,https://api.spotify.com/v1/audio-analysis/1KixkQVDUHggZMU9dUobgm,174760,4,Ava Max,My Head & My Heart
0.746,0.765,6,-4.41,0,0.0993,0.0112,0.0,0.0936,0.737,114.044,audio_features,5QDLhrAOJJdNAmCTJ8xMyW,spotify:track:5QDLhrAOJJdNAmCTJ8xMyW,https://api.spotify.com/v1/tracks/5QDLhrAOJJdNAmCTJ8xMyW,https://api.spotify.com/v1/audio-analysis/5QDLhrAOJJdNAmCTJ8xMyW,199054,4,BTS,Dynamite
0.672,0.855,9,-3.764,1,0.0397,0.021,0.0,0.323,0.646,123.056,audio_features,24ySl2hOPGCDcxBxFIqWBu,spotify:track:24ySl2hOPGCDcxBxFIqWBu,https://api.spotify.com/v1/tracks/24ySl2hOPGCDcxBxFIqWBu,https://api.spotify.com/v1/audio-analysis/24ySl2hOPGCDcxBxFIqWBu,182200,4,Lady Gaga,Rain On Me (with Ariana Grande)
0.676,0.771,8,-3.675,1,0.0483,0.0237,7e-06,0.102,0.569,99.048,audio_features,3jjujdWJ72nww5eGnfs2E7,spotify:track:3jjujdWJ72nww5eGnfs2E7,https://api.spotify.com/v1/tracks/3jjujdWJ72nww5eGnfs2E7,https://api.spotify.com/v1/audio-analysis/3jjujdWJ72nww5eGnfs2E7,207133,4,Harry Styles,Adore You
0.752,0.505,9,-7.621,1,0.253,0.535,2.55e-06,0.104,0.419,91.97,audio_features,2P91MQbaiQOfbiz9VqhqKQ,spotify:track:2P91MQbaiQOfbiz9VqhqKQ,https://api.spotify.com/v1/tracks/2P91MQbaiQOfbiz9VqhqKQ,https://api.spotify.com/v1/audio-analysis/2P91MQbaiQOfbiz9VqhqKQ,197437,4,Lauv,I Like Me Better
0.743,0.752,4,-4.813,1,0.0414,0.0188,0.0,0.287,0.545,110.015,audio_features,1XGmzt0PVuFgQYYnV2It7A,spotify:track:1XGmzt0PVuFgQYYnV2It7A,https://api.spotify.com/v1/tracks/1XGmzt0PVuFgQYYnV2It7A,https://api.spotify.com/v1/audio-analysis/1XGmzt0PVuFgQYYnV2It7A,231173,4,Maroon 5,Payphone
0.709,0.824,1,-8.824,1,0.0453,0.207,0.000307,0.0888,0.867,118.818,audio_features,2tUBqZG2AbRi7Q0BIrVrEj,spotify:track:2tUBqZG2AbRi7Q0BIrVrEj,https://api.spotify.com/v1/tracks/2tUBqZG2AbRi7Q0BIrVrEj,https://api.spotify.com/v1/audio-analysis/2tUBqZG2AbRi7Q0BIrVrEj,291293,4,Whitney Houston,I Wanna Dance with Somebody (Who Loves Me)
0.776,0.875,4,-5.535,1,0.0575,0.0343,0.0,0.314,0.849,111.988,audio_features,6rmXhRIemCTPyMYZRDN7Qg,spotify:track:6rmXhRIemCTPyMYZRDN7Qg,https://api.spotify.com/v1/tracks/6rmXhRIemCTPyMYZRDN7Qg,https://api.spotify.com/v1/audio-analysis/6rmXhRIemCTPyMYZRDN7Qg,211786,4,Little Mix,Black Magic
0.564,0.714,7,-4.987,1,0.129,0.0549,0.0,0.155,0.33,175.924,audio_features,37f4ITSlgPX81ad2EvmVQr,spotify:track:37f4ITSlgPX81ad2EvmVQr,https://api.spotify.com/v1/tracks/37f4ITSlgPX81ad2EvmVQr,https://api.spotify.com/v1/audio-analysis/37f4ITSlgPX81ad2EvmVQr,204013,4,Rachel Platten,Fight Song
0.647,0.8,7,-5.384,1,0.165,0.0647,0.0,0.334,0.942,160.078,audio_features,0cqRj7pUJDkTCEsJkx8snD,spotify:track:0cqRj7pUJDkTCEsJkx8snD,https://api.spotify.com/v1/tracks/0cqRj7pUJDkTCEsJkx8snD,https://api.spotify.com/v1/audio-analysis/0cqRj7pUJDkTCEsJkx8snD,219200,4,Taylor Swift,Shake It Off
0.667,0.373,4,-9.389,1,0.05,0.785,0.0,0.0906,0.0823,124.148,audio_features,45bE4HXI0AwGZXfZtMp8JR,spotify:track:45bE4HXI0AwGZXfZtMp8JR,https://api.spotify.com/v1/tracks/45bE4HXI0AwGZXfZtMp8JR,https://api.spotify.com/v1/audio-analysis/45bE4HXI0AwGZXfZtMp8JR,169266,4,Tate McRae,you broke me first
0.319,0.739,0,-5.74,1,0.272,0.0285,0.0,0.111,0.449,194.169,audio_features,42ydLwx4i5V49RXHOozJZq,spotify:track:42ydLwx4i5V49RXHOozJZq,https://api.spotify.com/v1/tracks/42ydLwx4i5V49RXHOozJZq,https://api.spotify.com/v1/audio-analysis/42ydLwx4i5V49RXHOozJZq,230227,4,Alessia Cara,Scars To Your Beautiful
0.562,0.939,0,-4.282,1,0.0475,0.046,0.0,0.112,0.684,116.044,audio_features,1nInOsHbtotAmEOQhtvnzP,spotify:track:1nInOsHbtotAmEOQhtvnzP,https://api.spotify.com/v1/tracks/1nInOsHbtotAmEOQhtvnzP,https://api.spotify.com/v1/audio-analysis/1nInOsHbtotAmEOQhtvnzP,221947,4,Kelly Clarkson,Stronger (What Doesn't Kill You)
0.624,0.876,9,-3.374,1,0.1,0.0735,0.0,0.327,0.781,99.943,audio_features,0afhq8XCExXpqazXczTSve,spotify:track:0afhq8XCExXpqazXczTSve,https://api.spotify.com/v1/tracks/0afhq8XCExXpqazXczTSve,https://api.spotify.com/v1/audio-analysis/0afhq8XCExXpqazXczTSve,170827,4,Ed Sheeran,Galway Girl
0.582,0.952,5,-3.848,1,0.0731,0.00324,0.0,0.223,0.655,103.027,audio_features,2Fs18NaCDuluPG1DHGw1XG,spotify:track:2Fs18NaCDuluPG1DHGw1XG,https://api.spotify.com/v1/tracks/2Fs18NaCDuluPG1DHGw1XG,https://api.spotify.com/v1/audio-analysis/2Fs18NaCDuluPG1DHGw1XG,276320,4,Rascal Flatts,Life is a Highway
0.689,0.694,6,-5.83,0,0.027,0.257,0.0,0.148,0.482,99.039,audio_features,47BBI51FKFwOMlIiX6m8ya,spotify:track:47BBI51FKFwOMlIiX6m8ya,https://api.spotify.com/v1/tracks/47BBI51FKFwOMlIiX6m8ya,https://api.spotify.com/v1/audio-analysis/47BBI51FKFwOMlIiX6m8ya,213307,4,Backstreet Boys,I Want It That Way
0.568,0.824,9,-4.613,1,0.0299,0.403,0.0,0.0855,0.753,108.625,audio_features,5Ts1DYOuouQLgzTaisxWYh,spotify:track:5Ts1DYOuouQLgzTaisxWYh,https://api.spotify.com/v1/tracks/5Ts1DYOuouQLgzTaisxWYh,https://api.spotify.com/v1/audio-analysis/5Ts1DYOuouQLgzTaisxWYh,174760,4,Edison Lighthouse,Love Grows (Where My Rosemary Goes)
0.596,0.854,7,-5.114,0,0.463,0.0169,0.0,0.124,0.152,120.274,audio_features,55S2PQgSMYAhgoTCcGCDfw,spotify:track:55S2PQgSMYAhgoTCcGCDfw,https://api.spotify.com/v1/tracks/55S2PQgSMYAhgoTCcGCDfw,https://api.spotify.com/v1/audio-analysis/55S2PQgSMYAhgoTCcGCDfw,203418,4,5 Seconds of Summer,Youngblood
0.715,0.605,0,-5.128,0,0.0428,0.239,1.41e-05,0.189,0.454,122.956,audio_features,72gv4zhNvRVdQA0eOenCal,spotify:track:72gv4zhNvRVdQA0eOenCal,https://api.spotify.com/v1/tracks/72gv4zhNvRVdQA0eOenCal,https://api.spotify.com/v1/audio-analysis/72gv4zhNvRVdQA0eOenCal,212733,4,Clean Bandit,Symphony (feat. Zara Larsson)
0.633,0.559,6,-5.135,1,0.313,0.336,0.0,0.262,0.473,114.987,audio_features,7vA2Y79Q4bBqdzBCfHeGEe,spotify:track:7vA2Y79Q4bBqdzBCfHeGEe,https://api.spotify.com/v1/tracks/7vA2Y79Q4bBqdzBCfHeGEe,https://api.spotify.com/v1/audio-analysis/7vA2Y79Q4bBqdzBCfHeGEe,168640,4,Noah Kahan,Hurt Somebody (With Julia Michaels)
0.731,0.626,11,-6.919,1,0.0805,0.125,0.0,0.183,0.862,82.488,audio_features,1sx0XsWUusUoPstbvokZjP,spotify:track:1sx0XsWUusUoPstbvokZjP,https://api.spotify.com/v1/tracks/1sx0XsWUusUoPstbvokZjP,https://api.spotify.com/v1/audio-analysis/1sx0XsWUusUoPstbvokZjP,173640,4,Tai Verdes,A-O-K
0.842,0.734,1,-5.065,0,0.0588,0.0427,0.0,0.106,0.952,137.958,audio_features,22vgEDb5hykfaTwLuskFGD,spotify:track:22vgEDb5hykfaTwLuskFGD,https://api.spotify.com/v1/tracks/22vgEDb5hykfaTwLuskFGD,https://api.spotify.com/v1/audio-analysis/22vgEDb5hykfaTwLuskFGD,181027,4,Jonas Brothers,Sucker
0.662,0.741,0,-5.406,1,0.0334,0.00165,0.0303,0.114,0.404,131.0,audio_features,3xrn9i8zhNZsTtcoWgQEAd,spotify:track:3xrn9i8zhNZsTtcoWgQEAd,https://api.spotify.com/v1/tracks/3xrn9i8zhNZsTtcoWgQEAd,https://api.spotify.com/v1/audio-analysis/3xrn9i8zhNZsTtcoWgQEAd,188960,4,Kelly Clarkson,Since U Been Gone
0.798,0.675,6,-5.041,1,0.0442,0.0912,0.0,0.0894,0.842,101.956,audio_features,3HVWdVOQ0ZA45FuZGSfvns,spotify:track:3HVWdVOQ0ZA45FuZGSfvns,https://api.spotify.com/v1/tracks/3HVWdVOQ0ZA45FuZGSfvns,https://api.spotify.com/v1/audio-analysis/3HVWdVOQ0ZA45FuZGSfvns,219947,4,Ed Sheeran,I Don't Care (with Justin Bieber)
0.45,0.329,9,-12.603,0,0.0441,0.818,0.00109,0.135,0.266,71.884,audio_features,1Xi84slp6FryDSCbzq4UCD,spotify:track:1Xi84slp6FryDSCbzq4UCD,https://api.spotify.com/v1/tracks/1Xi84slp6FryDSCbzq4UCD,https://api.spotify.com/v1/audio-analysis/1Xi84slp6FryDSCbzq4UCD,183624,3,Duncan Laurence,Arcade
0.612,0.57,11,-6.642,0,0.0347,0.278,0.0,0.0963,0.334,77.004,audio_features,7yFhA2fUsL2oIMWlw5DaHQ,spotify:track:7yFhA2fUsL2oIMWlw5DaHQ,https://api.spotify.com/v1/tracks/7yFhA2fUsL2oIMWlw5DaHQ,https://api.spotify.com/v1/audio-analysis/7yFhA2fUsL2oIMWlw5DaHQ,197293,4,Maren Morris,The Bones
0.664,0.573,5,-6.519,1,0.0277,0.613,0.000363,0.0857,0.566,76.023,audio_features,5NORWMFC27ywGSZxi8uquP,spotify:track:5NORWMFC27ywGSZxi8uquP,https://api.spotify.com/v1/tracks/5NORWMFC27ywGSZxi8uquP,https://api.spotify.com/v1/audio-analysis/5NORWMFC27ywGSZxi8uquP,160097,4,The Lumineers,Ophelia
0.571,0.815,6,-3.267,1,0.0321,0.0608,0.0,0.163,0.664,120.008,audio_features,1KtVVUM6OkpyOsbVfbMybX,spotify:track:1KtVVUM6OkpyOsbVfbMybX,https://api.spotify.com/v1/tracks/1KtVVUM6OkpyOsbVfbMybX,https://api.spotify.com/v1/audio-analysis/1KtVVUM6OkpyOsbVfbMybX,211460,4,Jess Glynne,Don't Be so Hard on Yourself
0.728,0.859,5,-5.237,0,0.137,0.0401,0.0,0.111,0.535,65.043,audio_features,6epn3r7S14KUqlReYr77hA,spotify:track:6epn3r7S14KUqlReYr77hA,https://api.spotify.com/v1/tracks/6epn3r7S14KUqlReYr77hA,https://api.spotify.com/v1/audio-analysis/6epn3r7S14KUqlReYr77hA,214240,4,Justin Bieber,Baby
0.532,0.718,7,-3.182,1,0.0514,0.0324,0.0,0.195,0.505,81.74,audio_features,7ydjUPZFQVYZ54NLmoISfG,spotify:track:7ydjUPZFQVYZ54NLmoISfG,https://api.spotify.com/v1/tracks/7ydjUPZFQVYZ54NLmoISfG,https://api.spotify.com/v1/audio-analysis/7ydjUPZFQVYZ54NLmoISfG,175160,4,Rita Ora,How To Be Lonely
0.753,0.657,7,-3.061,1,0.0449,0.171,0.0,0.112,0.437,107.01,audio_features,09IStsImFySgyp0pIQdqAc,spotify:track:09IStsImFySgyp0pIQdqAc,https://api.spotify.com/v1/tracks/09IStsImFySgyp0pIQdqAc,https://api.spotify.com/v1/audio-analysis/09IStsImFySgyp0pIQdqAc,184732,4,Zedd,The Middle
0.857,0.621,9,-6.376,0,0.0825,0.148,0.0,0.0865,0.668,97.989,audio_features,4vUmTMuQqjdnvlZmAH61Qk,spotify:track:4vUmTMuQqjdnvlZmAH61Qk,https://api.spotify.com/v1/tracks/4vUmTMuQqjdnvlZmAH61Qk,https://api.spotify.com/v1/audio-analysis/4vUmTMuQqjdnvlZmAH61Qk,204467,4,Ed Sheeran,South of the Border (feat. Camila Cabello & Cardi B)
0.706,0.8,5,-6.333,1,0.0399,0.00584,0.0,0.0822,0.629,100.011,audio_features,3U5JVgI2x4rDyHGObzJfNf,spotify:track:3U5JVgI2x4rDyHGObzJfNf,https://api.spotify.com/v1/tracks/3U5JVgI2x4rDyHGObzJfNf,https://api.spotify.com/v1/audio-analysis/3U5JVgI2x4rDyHGObzJfNf,259333,4,Natasha Bedingfield,Unwritten
0.63,0.694,10,-4.501,1,0.0242,0.144,0.0,0.0835,0.49,94.034,audio_features,1fyysXwSGNtMeqMBLwW3SI,spotify:track:1fyysXwSGNtMeqMBLwW3SI,https://api.spotify.com/v1/tracks/1fyysXwSGNtMeqMBLwW3SI,https://api.spotify.com/v1/audio-analysis/1fyysXwSGNtMeqMBLwW3SI,261427,4,The Script,Breakeven
0.703,0.444,11,-9.331,1,0.0417,0.559,0.0,0.0973,0.712,150.96,audio_features,1EzrEOXmMH3G43AXT1y7pA,spotify:track:1EzrEOXmMH3G43AXT1y7pA,https://api.spotify.com/v1/tracks/1EzrEOXmMH3G43AXT1y7pA,https://api.spotify.com/v1/audio-analysis/1EzrEOXmMH3G43AXT1y7pA,242947,4,Jason Mraz,I'm Yours
0.773,0.47,2,-7.93,1,0.0299,0.0153,0.000193,0.0851,0.399,94.995,audio_features,07MDkzWARZaLEdKxo6yArG,spotify:track:07MDkzWARZaLEdKxo6yArG,https://api.spotify.com/v1/tracks/07MDkzWARZaLEdKxo6yArG,https://api.spotify.com/v1/audio-analysis/07MDkzWARZaLEdKxo6yArG,162680,4,THE ANXIETY,Meet Me At Our Spot
0.609,0.378,4,-9.828,1,0.438,0.835,0.0,0.28,0.515,100.418,audio_features,50kpGaPAhYJ3sGmk6vplg0,spotify:track:50kpGaPAhYJ3sGmk6vplg0,https://api.spotify.com/v1/tracks/50kpGaPAhYJ3sGmk6vplg0,https://api.spotify.com/v1/audio-analysis/50kpGaPAhYJ3sGmk6vplg0,233720,4,Justin Bieber,Love Yourself
0.783,0.58,7,-6.548,1,0.0408,0.0114,2.28e-06,0.108,0.66,120.021,audio_features,20I6sIOMTCkB6w7ryavxtO,spotify:track:20I6sIOMTCkB6w7ryavxtO,https://api.spotify.com/v1/tracks/20I6sIOMTCkB6w7ryavxtO,https://api.spotify.com/v1/audio-analysis/20I6sIOMTCkB6w7ryavxtO,193400,4,Carly Rae Jepsen,Call Me Maybe
0.682,0.836,9,-3.777,1,0.0424,0.0464,3.13e-06,0.0797,0.486,104.984,audio_features,2FiceoWDJ67rrmb5tGBpgE,spotify:track:2FiceoWDJ67rrmb5tGBpgE,https://api.spotify.com/v1/tracks/2FiceoWDJ67rrmb5tGBpgE,https://api.spotify.com/v1/audio-analysis/2FiceoWDJ67rrmb5tGBpgE,216107,4,Ella Henderson,Ghost
0.693,0.678,8,-7.159,1,0.0324,0.0151,5.71e-06,0.101,0.404,103.952,audio_features,6oJ6le65B3SEqPwMRNXWjY,spotify:track:6oJ6le65B3SEqPwMRNXWjY,https://api.spotify.com/v1/tracks/6oJ6le65B3SEqPwMRNXWjY,https://api.spotify.com/v1/audio-analysis/6oJ6le65B3SEqPwMRNXWjY,228267,4,Kygo,Higher Love
0.501,0.405,1,-5.679,1,0.0319,0.751,0.0,0.105,0.446,109.891,audio_features,7qEHsqek33rTcFNT9PFqLf,spotify:track:7qEHsqek33rTcFNT9PFqLf,https://api.spotify.com/v1/tracks/7qEHsqek33rTcFNT9PFqLf,https://api.spotify.com/v1/audio-analysis/7qEHsqek33rTcFNT9PFqLf,182161,4,Lewis Capaldi,Someone You Loved
0.399,0.491,6,-10.778,0,0.0538,0.0563,0.00089,0.11,0.151,91.066,audio_features,6AGOKlMZWLCaEJGnaROtF9,spotify:track:6AGOKlMZWLCaEJGnaROtF9,https://api.spotify.com/v1/tracks/6AGOKlMZWLCaEJGnaROtF9,https://api.spotify.com/v1/audio-analysis/6AGOKlMZWLCaEJGnaROtF9,210463,4,Ritt Momney,Put Your Records On
0.358,0.557,10,-7.398,1,0.059,0.695,0.0,0.0902,0.494,85.043,audio_features,5uCax9HTNlzGybIStD3vDh,spotify:track:5uCax9HTNlzGybIStD3vDh,https://api.spotify.com/v1/tracks/5uCax9HTNlzGybIStD3vDh,https://api.spotify.com/v1/audio-analysis/5uCax9HTNlzGybIStD3vDh,211467,4,James Arthur,Say You Won't Let Go
0.706,0.841,7,-3.956,1,0.0418,7.95e-05,0.0,0.0688,0.861,132.032,audio_features,0iGckQFyv6svOfAbAY9aWJ,spotify:track:0iGckQFyv6svOfAbAY9aWJ,https://api.spotify.com/v1/tracks/0iGckQFyv6svOfAbAY9aWJ,https://api.spotify.com/v1/audio-analysis/0iGckQFyv6svOfAbAY9aWJ,220227,4,Katy Perry,Hot N Cold
0.752,0.754,1,-6.684,1,0.0615,0.0151,0.0,0.0486,0.755,149.789,audio_features,5jsw9uXEGuKyJzs0boZ1bT,spotify:track:5jsw9uXEGuKyJzs0boZ1bT,https://api.spotify.com/v1/tracks/5jsw9uXEGuKyJzs0boZ1bT,https://api.spotify.com/v1/audio-analysis/5jsw9uXEGuKyJzs0boZ1bT,206880,4,Shawn Mendes,Stitches
0.73,0.703,0,-5.672,0,0.0369,0.109,0.0,0.0657,0.595,138.113,audio_features,2K87XMYnUMqLcX3zvtAF4G,spotify:track:2K87XMYnUMqLcX3zvtAF4G,https://api.spotify.com/v1/tracks/2K87XMYnUMqLcX3zvtAF4G,https://api.spotify.com/v1/audio-analysis/2K87XMYnUMqLcX3zvtAF4G,192120,4,One Direction,Drag Me Down
0.422,0.712,11,-5.907,0,0.1,0.273,0.0,0.051,0.471,78.454,audio_features,2CvOqDpQIMw69cCzWqr5yr,spotify:track:2CvOqDpQIMw69cCzWqr5yr,https://api.spotify.com/v1/tracks/2CvOqDpQIMw69cCzWqr5yr,https://api.spotify.com/v1/audio-analysis/2CvOqDpQIMw69cCzWqr5yr,261160,4,Beyonc√©,Halo
0.665,0.699,11,-5.265,1,0.0578,0.423,0.0,0.0969,0.585,124.896,audio_features,5tAa8Uaqr4VvA3693mbIhU,spotify:track:5tAa8Uaqr4VvA3693mbIhU,https://api.spotify.com/v1/tracks/5tAa8Uaqr4VvA3693mbIhU,https://api.spotify.com/v1/audio-analysis/5tAa8Uaqr4VvA3693mbIhU,190932,4,Zara Larsson,Ruin My Life
0.771,0.671,2,-5.617,1,0.0553,0.00929,0.0,0.0637,0.714,85.026,audio_features,6RRNNciQGZEXnqk8SQ9yv5,spotify:track:6RRNNciQGZEXnqk8SQ9yv5,https://api.spotify.com/v1/tracks/6RRNNciQGZEXnqk8SQ9yv5,https://api.spotify.com/v1/audio-analysis/6RRNNciQGZEXnqk8SQ9yv5,171360,4,Taylor Swift,You Need To Calm Down
0.704,0.558,2,-7.273,0,0.0542,0.148,0.0,0.107,0.245,110.444,audio_features,4lLtanYk6tkMvooU0tWzG8,spotify:track:4lLtanYk6tkMvooU0tWzG8,https://api.spotify.com/v1/tracks/4lLtanYk6tkMvooU0tWzG8,https://api.spotify.com/v1/audio-analysis/4lLtanYk6tkMvooU0tWzG8,222091,4,Bruno Mars,Grenade
0.583,0.786,2,-3.142,0,0.0301,0.0208,0.0,0.188,0.573,123.055,audio_features,4E6cwWJWZw2zWf7VFbH7wf,spotify:track:4E6cwWJWZw2zWf7VFbH7wf,https://api.spotify.com/v1/tracks/4E6cwWJWZw2zWf7VFbH7wf,https://api.spotify.com/v1/audio-analysis/4E6cwWJWZw2zWf7VFbH7wf,258827,4,Sara Bareilles,Love Song
0.566,0.885,8,-4.528,1,0.0818,0.0958,9.97e-05,0.334,0.304,90.99,audio_features,62ke5zFUJN6RvtXZgVH0F8,spotify:track:62ke5zFUJN6RvtXZgVH0F8,https://api.spotify.com/v1/tracks/62ke5zFUJN6RvtXZgVH0F8,https://api.spotify.com/v1/audio-analysis/62ke5zFUJN6RvtXZgVH0F8,232893,4,Paloma Faith,Only Love Can Hurt Like This
0.673,0.902,2,-2.392,1,0.0346,0.0591,0.000262,0.0558,0.538,100.012,audio_features,5Hroj5K7vLpIG4FNCRIjbP,spotify:track:5Hroj5K7vLpIG4FNCRIjbP,https://api.spotify.com/v1/tracks/5Hroj5K7vLpIG4FNCRIjbP,https://api.spotify.com/v1/audio-analysis/5Hroj5K7vLpIG4FNCRIjbP,194240,4,American Authors,Best Day Of My Life
0.628,0.593,8,-5.036,1,0.0323,0.093,1.65e-06,0.096,0.104,125.026,audio_features,7xoUc6faLbCqZO6fQEYprd,spotify:track:7xoUc6faLbCqZO6fQEYprd,https://api.spotify.com/v1/tracks/7xoUc6faLbCqZO6fQEYprd,https://api.spotify.com/v1/audio-analysis/7xoUc6faLbCqZO6fQEYprd,197267,4,Ariana Grande,One Last Time
0.699,0.529,2,-7.548,1,0.0487,0.0317,3.59e-05,0.285,0.121,119.987,audio_features,3DmW6y7wTEYHJZlLo1r6XJ,spotify:track:3DmW6y7wTEYHJZlLo1r6XJ,https://api.spotify.com/v1/tracks/3DmW6y7wTEYHJZlLo1r6XJ,https://api.spotify.com/v1/audio-analysis/3DmW6y7wTEYHJZlLo1r6XJ,206167,4,Becky G,Shower
0.667,0.613,1,-5.353,1,0.0344,0.403,0.0,0.115,0.47,91.024,audio_features,6vSforRhuzsA0D0SO9fG1S,spotify:track:6vSforRhuzsA0D0SO9fG1S,https://api.spotify.com/v1/tracks/6vSforRhuzsA0D0SO9fG1S,https://api.spotify.com/v1/audio-analysis/6vSforRhuzsA0D0SO9fG1S,194453,4,Charlie Puth,One Call Away
0.806,0.558,9,-6.46,1,0.0683,0.482,0.0,0.0618,0.678,95.016,audio_features,09PGubKAMryhOWv1LHpCYz,spotify:track:09PGubKAMryhOWv1LHpCYz,https://api.spotify.com/v1/tracks/09PGubKAMryhOWv1LHpCYz,https://api.spotify.com/v1/audio-analysis/09PGubKAMryhOWv1LHpCYz,198973,4,Lauv,"fuck, i'm lonely (with Anne-Marie)"
0.759,0.605,7,-7.737,1,0.0433,0.156,0.0,0.694,0.64,121.049,audio_features,0mjAU3yKR1QnXnHtjGJqTM,spotify:track:0mjAU3yKR1QnXnHtjGJqTM,https://api.spotify.com/v1/tracks/0mjAU3yKR1QnXnHtjGJqTM,https://api.spotify.com/v1/audio-analysis/0mjAU3yKR1QnXnHtjGJqTM,158900,4,OneRepublic,Rescue Me
0.699,0.83,1,-4.898,1,0.0633,0.00243,0.00024,0.0995,0.889,105.809,audio_features,6kopmMZiyLmw7h66uXcXR7,spotify:track:6kopmMZiyLmw7h66uXcXR7,https://api.spotify.com/v1/tracks/6kopmMZiyLmw7h66uXcXR7,https://api.spotify.com/v1/audio-analysis/6kopmMZiyLmw7h66uXcXR7,219413,4,Mark Ronson,Valerie (feat. Amy Winehouse) - Version Revisited
0.764,0.705,8,-3.463,1,0.0284,0.259,8.92e-05,0.12,0.781,110.97,audio_features,3DarAbFujv6eYNliUTyqtz,spotify:track:3DarAbFujv6eYNliUTyqtz,https://api.spotify.com/v1/tracks/3DarAbFujv6eYNliUTyqtz,https://api.spotify.com/v1/audio-analysis/3DarAbFujv6eYNliUTyqtz,208667,4,Doja Cat,Kiss Me More (feat. SZA)
0.6,0.683,6,-6.271,1,0.0493,0.0984,1.26e-06,0.11,0.494,102.036,audio_features,514rhnksEwHUh6LxXsQ4Y9,spotify:track:514rhnksEwHUh6LxXsQ4Y9,https://api.spotify.com/v1/tracks/514rhnksEwHUh6LxXsQ4Y9,https://api.spotify.com/v1/audio-analysis/514rhnksEwHUh6LxXsQ4Y9,210240,4,Selena Gomez,Back To You
0.729,0.844,5,-8.824,1,0.0344,0.149,2.87e-06,0.0604,0.777,131.459,audio_features,7HW5WIw7ZgZORCzUxv5gW5,spotify:track:7HW5WIw7ZgZORCzUxv5gW5,https://api.spotify.com/v1/tracks/7HW5WIw7ZgZORCzUxv5gW5,https://api.spotify.com/v1/audio-analysis/7HW5WIw7ZgZORCzUxv5gW5,275440,4,Elton John,Don't Go Breaking My Heart
0.491,0.588,1,-6.177,1,0.0506,0.0281,2.01e-06,0.0906,0.193,113.608,audio_features,0Qh38w01QRXK6KHIv0e3hb,spotify:track:0Qh38w01QRXK6KHIv0e3hb,https://api.spotify.com/v1/tracks/0Qh38w01QRXK6KHIv0e3hb,https://api.spotify.com/v1/audio-analysis/0Qh38w01QRXK6KHIv0e3hb,269600,4,P!nk,What About Us
0.554,0.783,6,-5.852,1,0.0457,0.416,1.54e-06,0.631,0.813,105.39,audio_features,4w3tQBXhn5345eUXDGBWZG,spotify:track:4w3tQBXhn5345eUXDGBWZG,https://api.spotify.com/v1/tracks/4w3tQBXhn5345eUXDGBWZG,https://api.spotify.com/v1/audio-analysis/4w3tQBXhn5345eUXDGBWZG,162467,4,Dolly Parton,9 to 5
0.664,0.705,1,-4.972,0,0.0382,0.0654,0.0,0.118,0.477,122.016,audio_features,2tpWsVSb9UEmDRxAl1zhX1,spotify:track:2tpWsVSb9UEmDRxAl1zhX1,https://api.spotify.com/v1/tracks/2tpWsVSb9UEmDRxAl1zhX1,https://api.spotify.com/v1/audio-analysis/2tpWsVSb9UEmDRxAl1zhX1,257267,4,OneRepublic,Counting Stars
